tourist_id,n_visits,restricted_entries,alternation_count,alternation_ratio,most_common_bigram_freq,unique_bigram_ratio,is_suspicious_ground_truth,is_flagged_pattern,anomaly_score
T00001,12,0,0,0.0,1,1.0,False,False,0.2035
T00002,13,0,0,0.0,1,1.0,False,False,0.2241
T00003,15,0,0,0.0,2,0.929,False,False,0.0177
T00004,14,0,0,0.0,1,1.0,False,False,0.2229
T00005,13,0,0,0.0,1,1.0,False,False,0.2241
T00006,10,0,0,0.0,1,1.0,False,False,0.1132
T00007,12,0,0,0.0,1,1.0,False,False,0.2035
T00008,12,0,0,0.0,1,1.0,False,False,0.2035
T00009,10,0,0,0.0,1,1.0,False,False,0.1132
T00010,12,2,3,0.273,1,1.0,True,True,-0.1009
T00011,14,0,0,0.0,1,1.0,False,False,0.2229
T00012,15,0,0,0.0,1,1.0,False,False,0.2054
T00013,16,0,0,0.0,1,1.0,False,False,0.1859
T00014,14,0,0,0.0,1,1.0,False,False,0.2229
T00015,18,0,0,0.0,1,1.0,False,False,0.0258
T00016,14,0,0,0.0,1,1.0,False,False,0.2229
T00017,15,0,0,0.0,1,1.0,False,False,0.2054
T00018,15,0,0,0.0,1,1.0,False,False,0.2054
T00019,14,0,0,0.0,1,1.0,False,False,0.2229
T00020,11,0,0,0.0,1,1.0,False,False,0.1749
T00021,14,0,0,0.0,1,1.0,False,False,0.2229
T00022,18,0,0,0.0,2,0.941,False,True,-0.0831
T00023,14,0,0,0.0,1,1.0,False,False,0.2229
T00024,17,0,0,0.0,1,1.0,False,False,0.1213
T00025,14,0,0,0.0,1,1.0,False,False,0.2229
T00026,14,0,0,0.0,2,0.923,False,False,0.0063
T00027,16,0,0,0.0,2,0.933,False,True,-0.0075
T00028,16,0,0,0.0,1,1.0,False,False,0.1859
T00029,17,0,0,0.0,1,1.0,False,False,0.1213
T00030,13,0,0,0.0,1,1.0,False,False,0.2241
T00031,14,0,0,0.0,1,1.0,False,False,0.2229
T00032,12,0,0,0.0,1,1.0,False,False,0.2035
T00033,13,0,0,0.0,1,1.0,False,False,0.2241
T00034,14,0,0,0.0,1,1.0,False,False,0.2229
T00035,13,0,0,0.0,1,1.0,False,False,0.2241
T00036,14,0,0,0.0,1,1.0,False,False,0.2229
T00037,14,0,0,0.0,1,1.0,False,False,0.2229
T00038,16,0,0,0.0,1,1.0,False,False,0.1859
T00039,13,0,0,0.0,1,1.0,False,False,0.2241
T00040,13,2,3,0.25,1,1.0,True,True,-0.1034
T00041,16,0,0,0.0,1,1.0,False,False,0.1859
T00042,13,0,0,0.0,1,1.0,False,False,0.2241
T00043,14,0,0,0.0,1,1.0,False,False,0.2229
T00044,14,1,2,0.154,1,1.0,True,True,-0.0576
T00045,13,1,1,0.083,1,1.0,True,True,-0.0497
T00046,11,0,0,0.0,1,1.0,False,False,0.1749
T00047,17,0,0,0.0,1,1.0,False,False,0.1213
T00048,15,0,0,0.0,2,0.929,False,False,0.0177
T00049,14,0,0,0.0,1,1.0,False,False,0.2229
T00050,14,0,0,0.0,1,1.0,False,False,0.2229
T00051,13,0,0,0.0,2,0.917,False,False,0.0
T00052,15,0,0,0.0,1,1.0,False,False,0.2054
T00053,15,0,0,0.0,1,1.0,False,False,0.2054
T00054,13,0,0,0.0,1,1.0,False,False,0.2241
T00055,14,0,0,0.0,1,1.0,False,False,0.2229
T00056,16,0,0,0.0,1,1.0,False,False,0.1859
T00057,12,0,0,0.0,1,1.0,False,False,0.2035
T00058,11,0,0,0.0,1,1.0,False,False,0.1749
T00059,13,0,0,0.0,1,1.0,False,False,0.2241
T00060,14,0,0,0.0,1,1.0,False,False,0.2229
T00061,13,0,0,0.0,1,1.0,False,False,0.2241
T00062,13,0,0,0.0,1,1.0,False,False,0.2241
T00063,11,0,0,0.0,1,1.0,False,False,0.1749
T00064,14,0,0,0.0,1,1.0,False,False,0.2229
T00065,12,0,0,0.0,1,1.0,False,False,0.2035
T00066,14,0,0,0.0,1,1.0,False,False,0.2229
T00067,13,0,0,0.0,2,0.917,False,False,0.0
T00068,15,0,0,0.0,1,1.0,False,False,0.2054
T00069,11,0,0,0.0,1,1.0,False,False,0.1749
T00070,12,0,0,0.0,1,1.0,False,False,0.2035
T00071,12,0,0,0.0,1,1.0,False,False,0.2035
T00072,13,0,0,0.0,1,1.0,False,False,0.2241
T00073,15,0,0,0.0,1,1.0,False,False,0.2054
T00074,14,0,0,0.0,1,1.0,False,False,0.2229
T00075,18,0,0,0.0,1,1.0,False,False,0.0258
T00076,13,0,0,0.0,1,1.0,False,False,0.2241
T00077,13,0,0,0.0,1,1.0,False,False,0.2241
T00078,15,0,0,0.0,1,1.0,False,False,0.2054
T00079,13,0,0,0.0,1,1.0,False,False,0.2241
T00080,13,0,0,0.0,1,1.0,False,False,0.2241
T00081,16,0,0,0.0,1,1.0,False,False,0.1859
T00082,16,0,0,0.0,2,0.933,False,True,-0.0075
T00083,14,0,0,0.0,1,1.0,False,False,0.2229
T00084,14,0,0,0.0,1,1.0,False,False,0.2229
T00085,13,0,0,0.0,1,1.0,False,False,0.2241
T00086,13,0,0,0.0,1,1.0,False,False,0.2241
T00087,14,0,0,0.0,1,1.0,False,False,0.2229
T00088,11,0,0,0.0,1,1.0,False,False,0.1749
T00089,12,0,0,0.0,2,0.909,False,True,-0.0347
T00090,10,0,0,0.0,1,1.0,False,False,0.1132
T00091,11,0,0,0.0,1,1.0,False,False,0.1749
T00092,18,0,0,0.0,1,1.0,False,False,0.0258
T00093,15,2,4,0.286,1,1.0,True,True,-0.124
T00094,11,1,2,0.2,1,1.0,True,True,-0.0736
T00095,14,0,0,0.0,2,0.923,False,False,0.0063
T00096,14,0,0,0.0,1,1.0,False,False,0.2229
T00097,15,0,0,0.0,1,1.0,False,False,0.2054
T00098,9,0,0,0.0,1,1.0,False,False,0.0193
T00099,13,0,0,0.0,1,1.0,False,False,0.2241
T00100,15,0,0,0.0,1,1.0,False,False,0.2054
T00101,14,0,0,0.0,1,1.0,False,False,0.2229
T00102,15,0,0,0.0,1,1.0,False,False,0.2054
T00103,11,3,6,0.6,2,0.9,True,True,-0.2088
T00104,15,0,0,0.0,1,1.0,False,False,0.2054
T00105,15,0,0,0.0,1,1.0,False,False,0.2054
T00106,12,0,0,0.0,1,1.0,False,False,0.2035
T00107,14,0,0,0.0,1,1.0,False,False,0.2229
T00108,11,0,0,0.0,1,1.0,False,False,0.1749
T00109,17,0,0,0.0,1,1.0,False,False,0.1213
T00110,14,0,0,0.0,1,1.0,False,False,0.2229
T00111,16,0,0,0.0,1,1.0,False,False,0.1859
T00112,13,0,0,0.0,1,1.0,False,False,0.2241
T00113,13,0,0,0.0,1,1.0,False,False,0.2241
T00114,14,0,0,0.0,1,1.0,False,False,0.2229
T00115,12,0,0,0.0,1,1.0,False,False,0.2035
T00116,11,0,0,0.0,1,1.0,False,False,0.1749
T00117,13,0,0,0.0,1,1.0,False,False,0.2241
T00118,16,0,0,0.0,1,1.0,False,False,0.1859
T00119,14,0,0,0.0,1,1.0,False,False,0.2229
T00120,14,0,0,0.0,1,1.0,False,False,0.2229
T00121,12,0,0,0.0,1,1.0,False,False,0.2035
T00122,15,0,0,0.0,1,1.0,False,False,0.2054
T00123,12,0,0,0.0,1,1.0,False,False,0.2035
T00124,16,0,0,0.0,2,0.933,False,True,-0.0075
T00125,14,0,0,0.0,1,1.0,False,False,0.2229
T00126,17,0,0,0.0,1,1.0,False,False,0.1213
T00127,14,0,0,0.0,1,1.0,False,False,0.2229
T00128,14,0,0,0.0,1,1.0,False,False,0.2229
T00129,13,0,0,0.0,2,0.917,False,False,0.0
T00130,11,0,0,0.0,1,1.0,False,False,0.1749
T00131,14,0,0,0.0,1,1.0,False,False,0.2229
T00132,15,0,0,0.0,1,1.0,False,False,0.2054
T00133,16,0,0,0.0,1,1.0,False,False,0.1859
T00134,13,0,0,0.0,1,1.0,False,False,0.2241
T00135,18,0,0,0.0,1,1.0,False,False,0.0258
T00136,14,0,0,0.0,1,1.0,False,False,0.2229
T00137,12,0,0,0.0,1,1.0,False,False,0.2035
T00138,14,0,0,0.0,1,1.0,False,False,0.2229
T00139,15,0,0,0.0,1,1.0,False,False,0.2054
T00140,17,0,0,0.0,1,1.0,False,False,0.1213
T00141,14,0,0,0.0,1,1.0,False,False,0.2229
T00142,10,0,0,0.0,1,1.0,True,False,0.1132
T00143,15,0,0,0.0,1,1.0,False,False,0.2054
T00144,13,0,0,0.0,1,1.0,False,False,0.2241
T00145,14,0,0,0.0,1,1.0,False,False,0.2229
T00146,16,0,0,0.0,1,1.0,False,False,0.1859
T00147,12,3,5,0.455,1,1.0,True,True,-0.1642
T00148,11,0,0,0.0,1,1.0,False,False,0.1749
T00149,13,0,0,0.0,1,1.0,False,False,0.2241
T00150,9,0,0,0.0,1,1.0,False,False,0.0193
T00151,14,0,0,0.0,1,1.0,False,False,0.2229
T00152,13,0,0,0.0,1,1.0,False,False,0.2241
T00153,13,0,0,0.0,1,1.0,False,False,0.2241
T00154,11,0,0,0.0,1,1.0,False,False,0.1749
T00155,12,0,0,0.0,1,1.0,False,False,0.2035
T00156,13,0,0,0.0,1,1.0,False,False,0.2241
T00157,10,0,0,0.0,1,1.0,False,False,0.1132
T00158,15,0,0,0.0,1,1.0,False,False,0.2054
T00159,14,0,0,0.0,2,0.923,False,False,0.0063
T00160,15,0,0,0.0,1,1.0,False,False,0.2054
T00161,16,0,0,0.0,1,1.0,False,False,0.1859
T00162,16,0,0,0.0,1,1.0,False,False,0.1859
T00163,13,0,0,0.0,1,1.0,False,False,0.2241
T00164,13,0,0,0.0,1,1.0,False,False,0.2241
T00165,13,0,0,0.0,1,1.0,False,False,0.2241
T00166,13,0,0,0.0,1,1.0,False,False,0.2241
T00167,16,0,0,0.0,1,1.0,False,False,0.1859
T00168,14,0,0,0.0,1,1.0,False,False,0.2229
T00169,16,0,0,0.0,1,1.0,False,False,0.1859
T00170,12,0,0,0.0,1,1.0,False,False,0.2035
T00171,11,0,0,0.0,1,1.0,False,False,0.1749
T00172,15,0,0,0.0,1,1.0,False,False,0.2054
T00173,14,0,0,0.0,1,1.0,True,False,0.2229
T00174,11,0,0,0.0,1,1.0,False,False,0.1749
T00175,14,0,0,0.0,1,1.0,False,False,0.2229
T00176,18,0,0,0.0,1,1.0,False,False,0.0258
T00177,17,0,0,0.0,1,1.0,False,False,0.1213
T00178,12,0,0,0.0,1,1.0,False,False,0.2035
T00179,11,0,0,0.0,1,1.0,False,False,0.1749
T00180,10,0,0,0.0,1,1.0,False,False,0.1132
T00181,15,0,0,0.0,1,1.0,False,False,0.2054
T00182,18,0,0,0.0,1,1.0,False,False,0.0258
T00183,10,0,0,0.0,1,1.0,False,False,0.1132
T00184,12,0,0,0.0,1,1.0,False,False,0.2035
T00185,14,0,0,0.0,1,1.0,False,False,0.2229
T00186,11,0,0,0.0,1,1.0,False,False,0.1749
T00187,13,0,0,0.0,1,1.0,False,False,0.2241
T00188,15,0,0,0.0,1,1.0,False,False,0.2054
T00189,12,0,0,0.0,1,1.0,False,False,0.2035
T00190,12,0,0,0.0,1,1.0,False,False,0.2035
T00191,16,1,2,0.133,1,1.0,True,True,-0.0587
T00192,15,0,0,0.0,1,1.0,False,False,0.2054
T00193,12,0,0,0.0,1,1.0,False,False,0.2035
T00194,12,0,0,0.0,1,1.0,False,False,0.2035
T00195,10,1,1,0.111,1,1.0,True,True,-0.0699
T00196,14,0,0,0.0,1,1.0,False,False,0.2229
T00197,10,0,0,0.0,1,1.0,False,False,0.1132
T00198,13,0,0,0.0,1,1.0,False,False,0.2241
T00199,14,0,0,0.0,1,1.0,False,False,0.2229
T00200,17,0,0,0.0,1,1.0,False,False,0.1213
T00201,11,0,0,0.0,1,1.0,False,False,0.1749
T00202,14,0,0,0.0,1,1.0,False,False,0.2229
T00203,15,0,0,0.0,1,1.0,False,False,0.2054
T00204,14,0,0,0.0,1,1.0,False,False,0.2229
T00205,13,0,0,0.0,1,1.0,False,False,0.2241
T00206,16,0,0,0.0,1,1.0,False,False,0.1859
T00207,13,0,0,0.0,1,1.0,False,False,0.2241
T00208,11,0,0,0.0,1,1.0,False,False,0.1749
T00209,12,0,0,0.0,1,1.0,False,False,0.2035
T00210,12,0,0,0.0,1,1.0,False,False,0.2035
T00211,14,0,0,0.0,1,1.0,False,False,0.2229
T00212,16,0,0,0.0,1,1.0,False,False,0.1859
T00213,16,0,0,0.0,1,1.0,False,False,0.1859
T00214,14,0,0,0.0,2,0.923,True,False,0.0063
T00215,16,0,0,0.0,1,1.0,False,False,0.1859
T00216,18,0,0,0.0,1,1.0,False,False,0.0258
T00217,14,0,0,0.0,1,1.0,False,False,0.2229
T00218,16,0,0,0.0,1,1.0,False,False,0.1859
T00219,16,0,0,0.0,1,1.0,False,False,0.1859
T00220,15,0,0,0.0,1,1.0,False,False,0.2054
T00221,12,0,0,0.0,1,1.0,False,False,0.2035
T00222,15,0,0,0.0,1,1.0,False,False,0.2054
T00223,14,0,0,0.0,2,0.923,False,False,0.0063
T00224,12,0,0,0.0,1,1.0,False,False,0.2035
T00225,15,0,0,0.0,1,1.0,False,False,0.2054
T00226,13,0,0,0.0,1,1.0,False,False,0.2241
T00227,15,0,0,0.0,1,1.0,False,False,0.2054
T00228,12,0,0,0.0,2,0.909,False,True,-0.0347
T00229,16,0,0,0.0,1,1.0,False,False,0.1859
T00230,13,0,0,0.0,1,1.0,False,False,0.2241
T00231,13,0,0,0.0,1,1.0,False,False,0.2241
T00232,11,0,0,0.0,1,1.0,False,False,0.1749
T00233,12,0,0,0.0,1,1.0,False,False,0.2035
T00234,12,0,0,0.0,1,1.0,False,False,0.2035
T00235,13,0,0,0.0,1,1.0,False,False,0.2241
T00236,11,1,1,0.1,1,1.0,True,True,-0.0507
T00237,15,0,0,0.0,1,1.0,False,False,0.2054
T00238,16,0,0,0.0,1,1.0,False,False,0.1859
T00239,16,0,0,0.0,1,1.0,False,False,0.1859
T00240,12,0,0,0.0,1,1.0,False,False,0.2035
T00241,14,0,0,0.0,1,1.0,False,False,0.2229
T00242,15,0,0,0.0,1,1.0,False,False,0.2054
T00243,11,0,0,0.0,1,1.0,False,False,0.1749
T00244,17,0,0,0.0,1,1.0,False,False,0.1213
T00245,15,0,0,0.0,2,0.929,False,False,0.0177
T00246,17,0,0,0.0,1,1.0,False,False,0.1213
T00247,15,0,0,0.0,1,1.0,False,False,0.2054
T00248,13,0,0,0.0,1,1.0,False,False,0.2241
T00249,13,0,0,0.0,1,1.0,False,False,0.2241
T00250,13,0,0,0.0,1,1.0,False,False,0.2241
T00251,13,0,0,0.0,1,1.0,False,False,0.2241
T00252,13,0,0,0.0,1,1.0,False,False,0.2241
T00253,14,0,0,0.0,1,1.0,False,False,0.2229
T00254,14,0,0,0.0,1,1.0,False,False,0.2229
T00255,15,0,0,0.0,1,1.0,False,False,0.2054
T00256,14,0,0,0.0,1,1.0,False,False,0.2229
T00257,11,0,0,0.0,1,1.0,False,False,0.1749
T00258,13,0,0,0.0,1,1.0,False,False,0.2241
T00259,12,0,0,0.0,1,1.0,False,False,0.2035
T00260,12,0,0,0.0,1,1.0,False,False,0.2035
T00261,15,0,0,0.0,1,1.0,False,False,0.2054
T00262,15,0,0,0.0,2,0.929,False,False,0.0177
T00263,14,0,0,0.0,1,1.0,False,False,0.2229
T00264,13,0,0,0.0,1,1.0,False,False,0.2241
T00265,14,0,0,0.0,1,1.0,False,False,0.2229
T00266,11,0,0,0.0,1,1.0,False,False,0.1749
T00267,14,0,0,0.0,1,1.0,False,False,0.2229
T00268,14,0,0,0.0,1,1.0,False,False,0.2229
T00269,12,0,0,0.0,1,1.0,False,False,0.2035
T00270,16,0,0,0.0,1,1.0,False,False,0.1859
T00271,14,0,0,0.0,1,1.0,False,False,0.2229
T00272,10,0,0,0.0,1,1.0,False,False,0.1132
T00273,15,0,0,0.0,1,1.0,False,False,0.2054
T00274,12,0,0,0.0,1,1.0,False,False,0.2035
T00275,15,0,0,0.0,1,1.0,False,False,0.2054
T00276,16,0,0,0.0,1,1.0,False,False,0.1859
T00277,14,0,0,0.0,1,1.0,True,False,0.2229
T00278,10,0,0,0.0,1,1.0,False,False,0.1132
T00279,12,0,0,0.0,1,1.0,False,False,0.2035
T00280,14,0,0,0.0,1,1.0,False,False,0.2229
T00281,15,0,0,0.0,1,1.0,False,False,0.2054
T00282,13,0,0,0.0,1,1.0,False,False,0.2241
T00283,11,0,0,0.0,1,1.0,False,False,0.1749
T00284,13,0,0,0.0,1,1.0,False,False,0.2241
T00285,14,0,0,0.0,1,1.0,False,False,0.2229
T00286,12,0,0,0.0,1,1.0,False,False,0.2035
T00287,15,1,1,0.071,1,1.0,True,True,-0.0454
T00288,18,0,0,0.0,1,1.0,False,False,0.0258
T00289,14,0,0,0.0,1,1.0,False,False,0.2229
T00290,12,0,0,0.0,1,1.0,False,False,0.2035
T00291,14,0,0,0.0,1,1.0,False,False,0.2229
T00292,12,0,0,0.0,1,1.0,False,False,0.2035
T00293,12,0,0,0.0,1,1.0,False,False,0.2035
T00294,11,0,0,0.0,1,1.0,False,False,0.1749
T00295,14,0,0,0.0,1,1.0,False,False,0.2229
T00296,13,0,0,0.0,1,1.0,False,False,0.2241
T00297,11,0,0,0.0,1,1.0,False,False,0.1749
T00298,16,0,0,0.0,1,1.0,False,False,0.1859
T00299,11,0,0,0.0,1,1.0,False,False,0.1749
T00300,12,0,0,0.0,1,1.0,False,False,0.2035
T00301,10,0,0,0.0,2,0.889,False,True,-0.0817
T00302,13,0,0,0.0,1,1.0,True,False,0.2241
T00303,18,0,0,0.0,1,1.0,False,False,0.0258
T00304,17,0,0,0.0,1,1.0,False,False,0.1213
T00305,16,0,0,0.0,1,1.0,False,False,0.1859
T00306,12,0,0,0.0,1,1.0,False,False,0.2035
T00307,14,0,0,0.0,2,0.923,False,False,0.0063
T00308,12,0,0,0.0,1,1.0,False,False,0.2035
T00309,12,0,0,0.0,2,0.909,False,True,-0.0347
T00310,15,0,0,0.0,1,1.0,False,False,0.2054
T00311,13,0,0,0.0,2,0.917,False,False,0.0
T00312,11,0,0,0.0,2,0.9,False,True,-0.0595
T00313,12,0,0,0.0,1,1.0,False,False,0.2035
T00314,13,2,3,0.25,1,1.0,True,True,-0.1034
T00315,14,0,0,0.0,1,1.0,False,False,0.2229
T00316,14,0,0,0.0,1,1.0,False,False,0.2229
T00317,9,0,0,0.0,1,1.0,False,False,0.0193
T00318,15,0,0,0.0,2,0.857,False,True,-0.0943
T00319,15,0,0,0.0,1,1.0,False,False,0.2054
T00320,13,0,0,0.0,1,1.0,False,False,0.2241
T00321,14,0,0,0.0,1,1.0,False,False,0.2229
T00322,16,0,0,0.0,1,1.0,False,False,0.1859
T00323,11,0,0,0.0,1,1.0,False,False,0.1749
T00324,16,0,0,0.0,1,1.0,False,False,0.1859
T00325,14,1,1,0.077,1,1.0,True,True,-0.0508
T00326,18,0,0,0.0,2,0.941,False,True,-0.0831
T00327,13,0,0,0.0,1,1.0,False,False,0.2241
T00328,18,0,0,0.0,1,1.0,False,False,0.0258
T00329,13,0,0,0.0,1,1.0,False,False,0.2241
T00330,16,0,0,0.0,1,1.0,False,False,0.1859
T00331,12,0,0,0.0,1,1.0,False,False,0.2035
T00332,13,0,0,0.0,1,1.0,False,False,0.2241
T00333,16,0,0,0.0,1,1.0,False,False,0.1859
T00334,12,0,0,0.0,1,1.0,False,False,0.2035
T00335,15,0,0,0.0,1,1.0,False,False,0.2054
T00336,15,0,0,0.0,1,1.0,False,False,0.2054
T00337,14,0,0,0.0,1,1.0,False,False,0.2229
T00338,17,0,0,0.0,1,1.0,False,False,0.1213
T00339,15,0,0,0.0,1,1.0,False,False,0.2054
T00340,12,0,0,0.0,1,1.0,False,False,0.2035
T00341,14,0,0,0.0,1,1.0,False,False,0.2229
T00342,13,0,0,0.0,1,1.0,False,False,0.2241
T00343,14,0,0,0.0,1,1.0,True,False,0.2229
T00344,15,0,0,0.0,1,1.0,False,False,0.2054
T00345,13,0,0,0.0,1,1.0,False,False,0.2241
T00346,16,0,0,0.0,1,1.0,False,False,0.1859
T00347,13,0,0,0.0,1,1.0,False,False,0.2241
T00348,14,0,0,0.0,1,1.0,False,False,0.2229
T00349,14,0,0,0.0,1,1.0,False,False,0.2229
T00350,16,0,0,0.0,1,1.0,False,False,0.1859
T00351,15,0,0,0.0,1,1.0,False,False,0.2054
T00352,10,0,0,0.0,1,1.0,False,False,0.1132
T00353,13,0,0,0.0,1,1.0,True,False,0.2241
T00354,11,0,0,0.0,1,1.0,False,False,0.1749
T00355,15,1,2,0.143,1,1.0,True,True,-0.0471
T00356,15,0,0,0.0,1,1.0,False,False,0.2054
T00357,15,0,0,0.0,1,1.0,False,False,0.2054
T00358,13,0,0,0.0,1,1.0,False,False,0.2241
T00359,16,0,0,0.0,1,1.0,False,False,0.1859
T00360,13,0,0,0.0,1,1.0,False,False,0.2241
T00361,12,0,0,0.0,1,1.0,False,False,0.2035
T00362,14,0,0,0.0,1,1.0,False,False,0.2229
T00363,12,0,0,0.0,1,1.0,False,False,0.2035
T00364,17,0,0,0.0,1,1.0,False,False,0.1213
T00365,15,0,0,0.0,1,1.0,False,False,0.2054
T00366,13,0,0,0.0,1,1.0,False,False,0.2241
T00367,11,0,0,0.0,1,1.0,False,False,0.1749
T00368,13,0,0,0.0,1,1.0,False,False,0.2241
T00369,14,0,0,0.0,1,1.0,False,False,0.2229
T00370,13,0,0,0.0,1,1.0,False,False,0.2241
T00371,12,0,0,0.0,1,1.0,False,False,0.2035
T00372,16,0,0,0.0,1,1.0,False,False,0.1859
T00373,13,0,0,0.0,1,1.0,False,False,0.2241
T00374,15,0,0,0.0,1,1.0,False,False,0.2054
T00375,13,0,0,0.0,1,1.0,False,False,0.2241
T00376,12,0,0,0.0,1,1.0,False,False,0.2035
T00377,16,0,0,0.0,1,1.0,False,False,0.1859
T00378,14,0,0,0.0,1,1.0,False,False,0.2229
T00379,16,0,0,0.0,1,1.0,False,False,0.1859
T00380,13,0,0,0.0,1,1.0,False,False,0.2241
T00381,17,0,0,0.0,1,1.0,False,False,0.1213
T00382,12,0,0,0.0,1,1.0,False,False,0.2035
T00383,16,0,0,0.0,1,1.0,False,False,0.1859
T00384,13,0,0,0.0,1,1.0,False,False,0.2241
T00385,14,0,0,0.0,1,1.0,False,False,0.2229
T00386,13,3,5,0.417,1,1.0,True,True,-0.1537
T00387,15,0,0,0.0,1,1.0,False,False,0.2054
T00388,15,0,0,0.0,1,1.0,False,False,0.2054
T00389,16,0,0,0.0,1,1.0,False,False,0.1859
T00390,15,0,0,0.0,1,1.0,False,False,0.2054
T00391,13,0,0,0.0,1,1.0,False,False,0.2241
T00392,13,0,0,0.0,1,1.0,False,False,0.2241
T00393,16,0,0,0.0,1,1.0,False,False,0.1859
T00394,15,0,0,0.0,1,1.0,False,False,0.2054
T00395,17,0,0,0.0,1,1.0,False,False,0.1213
T00396,13,0,0,0.0,1,1.0,False,False,0.2241
T00397,16,0,0,0.0,1,1.0,False,False,0.1859
T00398,14,0,0,0.0,1,1.0,False,False,0.2229
T00399,11,0,0,0.0,1,1.0,False,False,0.1749
T00400,14,0,0,0.0,1,1.0,False,False,0.2229
T00401,14,0,0,0.0,1,1.0,False,False,0.2229
T00402,14,0,0,0.0,1,1.0,False,False,0.2229
T00403,13,0,0,0.0,1,1.0,False,False,0.2241
T00404,15,0,0,0.0,1,1.0,False,False,0.2054
T00405,12,0,0,0.0,1,1.0,False,False,0.2035
T00406,14,0,0,0.0,1,1.0,False,False,0.2229
T00407,15,0,0,0.0,1,1.0,False,False,0.2054
T00408,11,0,0,0.0,1,1.0,False,False,0.1749
T00409,14,0,0,0.0,1,1.0,False,False,0.2229
T00410,13,0,0,0.0,1,1.0,False,False,0.2241
T00411,15,0,0,0.0,1,1.0,False,False,0.2054
T00412,12,0,0,0.0,1,1.0,False,False,0.2035
T00413,14,0,0,0.0,1,1.0,False,False,0.2229
T00414,11,0,0,0.0,1,1.0,False,False,0.1749
T00415,12,0,0,0.0,2,0.909,False,True,-0.0347
T00416,14,0,0,0.0,1,1.0,False,False,0.2229
T00417,11,0,0,0.0,1,1.0,False,False,0.1749
T00418,13,0,0,0.0,1,1.0,False,False,0.2241
T00419,17,0,0,0.0,1,1.0,False,False,0.1213
T00420,14,0,0,0.0,1,1.0,False,False,0.2229
T00421,12,0,0,0.0,1,1.0,False,False,0.2035
T00422,10,0,0,0.0,1,1.0,False,False,0.1132
T00423,16,0,0,0.0,1,1.0,False,False,0.1859
T00424,10,0,0,0.0,1,1.0,False,False,0.1132
T00425,16,0,0,0.0,1,1.0,False,False,0.1859
T00426,12,0,0,0.0,1,1.0,False,False,0.2035
T00427,11,0,0,0.0,1,1.0,False,False,0.1749
T00428,11,0,0,0.0,1,1.0,False,False,0.1749
T00429,13,0,0,0.0,1,1.0,False,False,0.2241
T00430,14,0,0,0.0,1,1.0,False,False,0.2229
T00431,11,0,0,0.0,1,1.0,False,False,0.1749
T00432,17,0,0,0.0,1,1.0,False,False,0.1213
T00433,13,0,0,0.0,1,1.0,False,False,0.2241
T00434,13,0,0,0.0,1,1.0,False,False,0.2241
T00435,14,0,0,0.0,1,1.0,False,False,0.2229
T00436,14,0,0,0.0,1,1.0,False,False,0.2229
T00437,14,0,0,0.0,1,1.0,False,False,0.2229
T00438,16,0,0,0.0,1,1.0,False,False,0.1859
T00439,13,0,0,0.0,2,0.917,False,False,0.0
T00440,10,0,0,0.0,1,1.0,False,False,0.1132
T00441,13,0,0,0.0,1,1.0,False,False,0.2241
T00442,16,0,0,0.0,1,1.0,False,False,0.1859
T00443,13,0,0,0.0,1,1.0,False,False,0.2241
T00444,17,0,0,0.0,1,1.0,False,False,0.1213
T00445,12,0,0,0.0,1,1.0,False,False,0.2035
T00446,14,0,0,0.0,1,1.0,False,False,0.2229
T00447,15,0,0,0.0,1,1.0,True,False,0.2054
T00448,13,0,0,0.0,1,1.0,False,False,0.2241
T00449,12,0,0,0.0,1,1.0,False,False,0.2035
T00450,13,0,0,0.0,1,1.0,False,False,0.2241
T00451,14,0,0,0.0,1,1.0,False,False,0.2229
T00452,14,0,0,0.0,1,1.0,False,False,0.2229
T00453,14,1,1,0.077,1,1.0,True,True,-0.0508
T00454,14,0,0,0.0,1,1.0,False,False,0.2229
T00455,11,0,0,0.0,1,1.0,False,False,0.1749
T00456,13,0,0,0.0,1,1.0,False,False,0.2241
T00457,15,0,0,0.0,1,1.0,False,False,0.2054
T00458,13,2,4,0.333,1,1.0,True,True,-0.1257
T00459,13,0,0,0.0,1,1.0,False,False,0.2241
T00460,14,0,0,0.0,1,1.0,False,False,0.2229
T00461,12,0,0,0.0,1,1.0,False,False,0.2035
T00462,13,0,0,0.0,1,1.0,False,False,0.2241
T00463,12,0,0,0.0,1,1.0,False,False,0.2035
T00464,13,1,2,0.167,2,0.917,True,True,-0.1043
T00465,12,1,2,0.182,1,1.0,True,True,-0.0616
T00466,11,0,0,0.0,1,1.0,False,False,0.1749
T00467,12,2,3,0.273,1,1.0,True,True,-0.1009
T00468,11,0,0,0.0,1,1.0,False,False,0.1749
T00469,14,0,0,0.0,1,1.0,False,False,0.2229
T00470,11,0,0,0.0,1,1.0,False,False,0.1749
T00471,13,0,0,0.0,1,1.0,False,False,0.2241
T00472,12,0,0,0.0,1,1.0,False,False,0.2035
T00473,15,0,0,0.0,1,1.0,False,False,0.2054
T00474,10,0,0,0.0,1,1.0,False,False,0.1132
T00475,13,0,0,0.0,1,1.0,False,False,0.2241
T00476,12,0,0,0.0,1,1.0,False,False,0.2035
T00477,12,0,0,0.0,1,1.0,False,False,0.2035
T00478,14,0,0,0.0,1,1.0,False,False,0.2229
T00479,9,0,0,0.0,1,1.0,False,False,0.0193
T00480,13,0,0,0.0,1,1.0,False,False,0.2241
T00481,16,0,0,0.0,2,0.933,False,True,-0.0075
T00482,15,0,0,0.0,1,1.0,False,False,0.2054
T00483,15,0,0,0.0,1,1.0,False,False,0.2054
T00484,15,0,0,0.0,1,1.0,False,False,0.2054
T00485,12,0,0,0.0,1,1.0,False,False,0.2035
T00486,15,0,0,0.0,1,1.0,False,False,0.2054
T00487,9,0,0,0.0,1,1.0,False,False,0.0193
T00488,17,0,0,0.0,2,0.938,False,True,-0.0489
T00489,12,0,0,0.0,1,1.0,False,False,0.2035
T00490,13,0,0,0.0,1,1.0,False,False,0.2241
T00491,15,0,0,0.0,1,1.0,False,False,0.2054
T00492,18,0,0,0.0,1,1.0,False,False,0.0258
T00493,11,0,0,0.0,1,1.0,False,False,0.1749
T00494,14,0,0,0.0,1,1.0,False,False,0.2229
T00495,18,0,0,0.0,1,1.0,False,False,0.0258
T00496,12,0,0,0.0,1,1.0,False,False,0.2035
T00497,16,0,0,0.0,1,1.0,False,False,0.1859
T00498,16,0,0,0.0,1,1.0,False,False,0.1859
T00499,12,0,0,0.0,1,1.0,False,False,0.2035
T00500,15,0,0,0.0,1,1.0,False,False,0.2054
T00501,13,0,0,0.0,1,1.0,False,False,0.2241
T00502,16,0,0,0.0,1,1.0,False,False,0.1859
T00503,12,0,0,0.0,1,1.0,False,False,0.2035
T00504,15,0,0,0.0,1,1.0,False,False,0.2054
T00505,12,0,0,0.0,1,1.0,False,False,0.2035
T00506,17,0,0,0.0,1,1.0,False,False,0.1213
T00507,13,0,0,0.0,1,1.0,False,False,0.2241
T00508,10,0,0,0.0,1,1.0,False,False,0.1132
T00509,11,0,0,0.0,1,1.0,False,False,0.1749
T00510,14,0,0,0.0,1,1.0,False,False,0.2229
T00511,15,0,0,0.0,1,1.0,False,False,0.2054
T00512,14,0,0,0.0,1,1.0,False,False,0.2229
T00513,14,0,0,0.0,1,1.0,False,False,0.2229
T00514,14,0,0,0.0,1,1.0,False,False,0.2229
T00515,16,0,0,0.0,1,1.0,False,False,0.1859
T00516,15,1,2,0.143,1,1.0,True,True,-0.0471
T00517,16,0,0,0.0,1,1.0,False,False,0.1859
T00518,13,0,0,0.0,1,1.0,False,False,0.2241
T00519,17,0,0,0.0,1,1.0,False,False,0.1213
T00520,12,0,0,0.0,1,1.0,False,False,0.2035
T00521,10,0,0,0.0,1,1.0,False,False,0.1132
T00522,13,0,0,0.0,1,1.0,False,False,0.2241
T00523,14,0,0,0.0,1,1.0,False,False,0.2229
T00524,14,0,0,0.0,1,1.0,True,False,0.2229
T00525,13,0,0,0.0,1,1.0,False,False,0.2241
T00526,14,0,0,0.0,1,1.0,False,False,0.2229
T00527,12,0,0,0.0,1,1.0,False,False,0.2035
T00528,15,0,0,0.0,1,1.0,False,False,0.2054
T00529,17,1,2,0.125,1,1.0,True,True,-0.0727
T00530,12,0,0,0.0,1,1.0,False,False,0.2035
T00531,14,2,4,0.308,1,1.0,True,True,-0.1234
T00532,17,0,0,0.0,1,1.0,False,False,0.1213
T00533,13,0,0,0.0,1,1.0,False,False,0.2241
T00534,14,0,0,0.0,1,1.0,False,False,0.2229
T00535,12,0,0,0.0,1,1.0,False,False,0.2035
T00536,11,2,3,0.3,1,1.0,True,True,-0.1104
T00537,12,0,0,0.0,1,1.0,False,False,0.2035
T00538,16,0,0,0.0,1,1.0,False,False,0.1859
T00539,15,0,0,0.0,1,1.0,False,False,0.2054
T00540,13,0,0,0.0,1,1.0,False,False,0.2241
T00541,11,0,0,0.0,1,1.0,False,False,0.1749
T00542,13,0,0,0.0,1,1.0,False,False,0.2241
T00543,12,0,0,0.0,1,1.0,False,False,0.2035
T00544,15,0,0,0.0,1,1.0,False,False,0.2054
T00545,16,0,0,0.0,1,1.0,False,False,0.1859
T00546,13,0,0,0.0,1,1.0,False,False,0.2241
T00547,13,0,0,0.0,1,1.0,False,False,0.2241
T00548,14,0,0,0.0,1,1.0,False,False,0.2229
T00549,10,0,0,0.0,1,1.0,False,False,0.1132
T00550,17,0,0,0.0,1,1.0,False,False,0.1213
T00551,12,0,0,0.0,1,1.0,False,False,0.2035
T00552,17,0,0,0.0,1,1.0,False,False,0.1213
T00553,10,0,0,0.0,1,1.0,False,False,0.1132
T00554,9,0,0,0.0,2,0.875,False,True,-0.1089
T00555,16,0,0,0.0,2,0.933,False,True,-0.0075
T00556,12,0,0,0.0,1,1.0,False,False,0.2035
T00557,13,0,0,0.0,1,1.0,False,False,0.2241
T00558,11,0,0,0.0,1,1.0,False,False,0.1749
T00559,16,0,0,0.0,1,1.0,False,False,0.1859
T00560,12,0,0,0.0,1,1.0,False,False,0.2035
T00561,14,0,0,0.0,1,1.0,False,False,0.2229
T00562,16,0,0,0.0,1,1.0,False,False,0.1859
T00563,15,0,0,0.0,2,0.929,False,False,0.0177
T00564,11,0,0,0.0,1,1.0,True,False,0.1749
T00565,15,0,0,0.0,1,1.0,True,False,0.2054
T00566,15,1,2,0.143,1,1.0,True,True,-0.0471
T00567,15,0,0,0.0,1,1.0,False,False,0.2054
T00568,16,0,0,0.0,1,1.0,False,False,0.1859
T00569,13,0,0,0.0,1,1.0,False,False,0.2241
T00570,11,0,0,0.0,1,1.0,False,False,0.1749
T00571,15,0,0,0.0,1,1.0,False,False,0.2054
T00572,13,0,0,0.0,1,1.0,False,False,0.2241
T00573,12,0,0,0.0,1,1.0,False,False,0.2035
T00574,17,0,0,0.0,1,1.0,False,False,0.1213
T00575,11,0,0,0.0,1,1.0,False,False,0.1749
T00576,13,0,0,0.0,1,1.0,False,False,0.2241
T00577,12,0,0,0.0,1,1.0,True,False,0.2035
T00578,16,0,0,0.0,1,1.0,False,False,0.1859
T00579,14,0,0,0.0,1,1.0,False,False,0.2229
T00580,15,0,0,0.0,1,1.0,True,False,0.2054
T00581,13,0,0,0.0,1,1.0,False,False,0.2241
T00582,14,0,0,0.0,1,1.0,False,False,0.2229
T00583,16,0,0,0.0,1,1.0,False,False,0.1859
T00584,17,0,0,0.0,1,1.0,False,False,0.1213
T00585,15,0,0,0.0,2,0.929,False,False,0.0177
T00586,12,0,0,0.0,1,1.0,False,False,0.2035
T00587,13,0,0,0.0,1,1.0,False,False,0.2241
T00588,14,0,0,0.0,1,1.0,False,False,0.2229
T00589,13,0,0,0.0,1,1.0,False,False,0.2241
T00590,15,0,0,0.0,1,1.0,False,False,0.2054
T00591,9,1,2,0.25,2,0.875,True,True,-0.1704
T00592,13,1,2,0.167,1,1.0,True,True,-0.0616
T00593,15,0,0,0.0,1,1.0,False,False,0.2054
T00594,13,0,0,0.0,1,1.0,False,False,0.2241
T00595,15,0,0,0.0,2,0.929,False,False,0.0177
T00596,16,0,0,0.0,1,1.0,False,False,0.1859
T00597,13,0,0,0.0,1,1.0,False,False,0.2241
T00598,11,0,0,0.0,2,0.9,False,True,-0.0595
T00599,11,0,0,0.0,1,1.0,False,False,0.1749
T00600,14,0,0,0.0,1,1.0,False,False,0.2229
T00601,16,0,0,0.0,2,0.933,False,True,-0.0075
T00602,16,0,0,0.0,1,1.0,False,False,0.1859
T00603,16,0,0,0.0,1,1.0,False,False,0.1859
T00604,13,0,0,0.0,1,1.0,False,False,0.2241
T00605,12,0,0,0.0,1,1.0,False,False,0.2035
T00606,15,0,0,0.0,1,1.0,False,False,0.2054
T00607,13,0,0,0.0,1,1.0,False,False,0.2241
T00608,12,0,0,0.0,1,1.0,False,False,0.2035
T00609,13,0,0,0.0,1,1.0,False,False,0.2241
T00610,14,0,0,0.0,1,1.0,False,False,0.2229
T00611,15,1,2,0.143,1,1.0,True,True,-0.0471
T00612,14,0,0,0.0,2,0.846,False,True,-0.1069
T00613,14,0,0,0.0,1,1.0,False,False,0.2229
T00614,12,0,0,0.0,1,1.0,False,False,0.2035
T00615,13,0,0,0.0,1,1.0,False,False,0.2241
T00616,9,0,0,0.0,1,1.0,False,False,0.0193
T00617,11,0,0,0.0,1,1.0,False,False,0.1749
T00618,14,0,0,0.0,1,1.0,False,False,0.2229
T00619,14,0,0,0.0,1,1.0,False,False,0.2229
T00620,9,0,0,0.0,1,1.0,False,False,0.0193
T00621,11,0,0,0.0,1,1.0,False,False,0.1749
T00622,11,0,0,0.0,1,1.0,False,False,0.1749
T00623,14,0,0,0.0,1,1.0,False,False,0.2229
T00624,13,0,0,0.0,1,1.0,False,False,0.2241
T00625,17,0,0,0.0,1,1.0,False,False,0.1213
T00626,13,0,0,0.0,1,1.0,False,False,0.2241
T00627,10,0,0,0.0,1,1.0,False,False,0.1132
T00628,15,0,0,0.0,1,1.0,False,False,0.2054
T00629,11,0,0,0.0,1,1.0,False,False,0.1749
T00630,13,0,0,0.0,1,1.0,False,False,0.2241
T00631,15,1,2,0.143,1,1.0,True,True,-0.0471
T00632,16,0,0,0.0,1,1.0,False,False,0.1859
T00633,15,0,0,0.0,2,0.929,False,False,0.0177
T00634,12,0,0,0.0,1,1.0,False,False,0.2035
T00635,13,0,0,0.0,1,1.0,False,False,0.2241
T00636,9,0,0,0.0,1,1.0,False,False,0.0193
T00637,11,0,0,0.0,1,1.0,False,False,0.1749
T00638,12,0,0,0.0,1,1.0,False,False,0.2035
T00639,15,0,0,0.0,1,1.0,False,False,0.2054
T00640,9,0,0,0.0,1,1.0,False,False,0.0193
T00641,9,0,0,0.0,1,1.0,False,False,0.0193
T00642,16,0,0,0.0,1,1.0,False,False,0.1859
T00643,12,0,0,0.0,1,1.0,False,False,0.2035
T00644,13,0,0,0.0,1,1.0,False,False,0.2241
T00645,15,0,0,0.0,1,1.0,False,False,0.2054
T00646,18,0,0,0.0,1,1.0,False,False,0.0258
T00647,15,0,0,0.0,1,1.0,False,False,0.2054
T00648,12,0,0,0.0,1,1.0,False,False,0.2035
T00649,11,0,0,0.0,1,1.0,False,False,0.1749
T00650,17,0,0,0.0,1,1.0,False,False,0.1213
T00651,13,0,0,0.0,1,1.0,True,False,0.2241
T00652,14,0,0,0.0,1,1.0,False,False,0.2229
T00653,12,0,0,0.0,1,1.0,False,False,0.2035
T00654,16,0,0,0.0,1,1.0,False,False,0.1859
T00655,12,0,0,0.0,1,1.0,True,False,0.2035
T00656,15,0,0,0.0,1,1.0,False,False,0.2054
T00657,12,0,0,0.0,1,1.0,False,False,0.2035
T00658,13,0,0,0.0,1,1.0,False,False,0.2241
T00659,13,0,0,0.0,2,0.917,False,False,0.0
T00660,13,0,0,0.0,1,1.0,False,False,0.2241
T00661,12,0,0,0.0,1,1.0,True,False,0.2035
T00662,15,0,0,0.0,1,1.0,False,False,0.2054
T00663,16,0,0,0.0,2,0.933,False,True,-0.0075
T00664,15,0,0,0.0,1,1.0,False,False,0.2054
T00665,13,0,0,0.0,1,1.0,False,False,0.2241
T00666,16,0,0,0.0,1,1.0,False,False,0.1859
T00667,12,0,0,0.0,1,1.0,False,False,0.2035
T00668,15,0,0,0.0,1,1.0,False,False,0.2054
T00669,13,0,0,0.0,1,1.0,False,False,0.2241
T00670,13,0,0,0.0,1,1.0,False,False,0.2241
T00671,13,0,0,0.0,1,1.0,False,False,0.2241
T00672,17,0,0,0.0,1,1.0,False,False,0.1213
T00673,14,0,0,0.0,1,1.0,False,False,0.2229
T00674,16,3,6,0.4,1,1.0,True,True,-0.17
T00675,13,0,0,0.0,1,1.0,False,False,0.2241
T00676,13,0,0,0.0,1,1.0,False,False,0.2241
T00677,16,0,0,0.0,1,1.0,False,False,0.1859
T00678,18,1,2,0.118,1,1.0,True,True,-0.0872
T00679,13,0,0,0.0,1,1.0,False,False,0.2241
T00680,17,0,0,0.0,1,1.0,False,False,0.1213
T00681,13,3,6,0.5,1,1.0,True,True,-0.166
T00682,11,0,0,0.0,1,1.0,False,False,0.1749
T00683,12,0,0,0.0,1,1.0,False,False,0.2035
T00684,14,0,0,0.0,1,1.0,False,False,0.2229
T00685,14,0,0,0.0,1,1.0,False,False,0.2229
T00686,15,0,0,0.0,1,1.0,False,False,0.2054
T00687,15,0,0,0.0,1,1.0,False,False,0.2054
T00688,12,0,0,0.0,1,1.0,False,False,0.2035
T00689,10,0,0,0.0,2,0.889,False,True,-0.0817
T00690,13,0,0,0.0,1,1.0,False,False,0.2241
T00691,17,0,0,0.0,1,1.0,False,False,0.1213
T00692,13,0,0,0.0,1,1.0,False,False,0.2241
T00693,13,0,0,0.0,1,1.0,False,False,0.2241
T00694,14,0,0,0.0,1,1.0,False,False,0.2229
T00695,11,2,4,0.4,1,1.0,True,True,-0.1319
T00696,18,0,0,0.0,1,1.0,False,False,0.0258
T00697,13,0,0,0.0,1,1.0,False,False,0.2241
T00698,14,0,0,0.0,2,0.923,False,False,0.0063
T00699,14,0,0,0.0,1,1.0,False,False,0.2229
T00700,16,0,0,0.0,1,1.0,False,False,0.1859
T00701,12,0,0,0.0,1,1.0,False,False,0.2035
T00702,12,0,0,0.0,1,1.0,False,False,0.2035
T00703,16,0,0,0.0,1,1.0,False,False,0.1859
T00704,16,0,0,0.0,1,1.0,False,False,0.1859
T00705,16,0,0,0.0,1,1.0,False,False,0.1859
T00706,13,0,0,0.0,1,1.0,False,False,0.2241
T00707,16,0,0,0.0,1,1.0,False,False,0.1859
T00708,10,0,0,0.0,1,1.0,False,False,0.1132
T00709,14,0,0,0.0,1,1.0,False,False,0.2229
T00710,14,0,0,0.0,1,1.0,False,False,0.2229
T00711,11,0,0,0.0,1,1.0,False,False,0.1749
T00712,14,0,0,0.0,1,1.0,False,False,0.2229
T00713,14,0,0,0.0,2,0.923,False,False,0.0063
T00714,13,0,0,0.0,1,1.0,False,False,0.2241
T00715,13,0,0,0.0,1,1.0,False,False,0.2241
T00716,12,0,0,0.0,1,1.0,False,False,0.2035
T00717,14,0,0,0.0,1,1.0,False,False,0.2229
T00718,16,0,0,0.0,1,1.0,False,False,0.1859
T00719,14,0,0,0.0,1,1.0,False,False,0.2229
T00720,11,0,0,0.0,1,1.0,False,False,0.1749
T00721,11,0,0,0.0,1,1.0,False,False,0.1749
T00722,11,0,0,0.0,1,1.0,False,False,0.1749
T00723,11,0,0,0.0,2,0.9,False,True,-0.0595
T00724,14,0,0,0.0,1,1.0,False,False,0.2229
T00725,10,0,0,0.0,1,1.0,False,False,0.1132
T00726,15,0,0,0.0,1,1.0,False,False,0.2054
T00727,11,0,0,0.0,1,1.0,False,False,0.1749
T00728,11,0,0,0.0,1,1.0,False,False,0.1749
T00729,11,0,0,0.0,1,1.0,False,False,0.1749
T00730,9,0,0,0.0,1,1.0,False,False,0.0193
T00731,10,0,0,0.0,1,1.0,False,False,0.1132
T00732,17,0,0,0.0,1,1.0,False,False,0.1213
T00733,13,0,0,0.0,1,1.0,False,False,0.2241
T00734,15,0,0,0.0,1,1.0,False,False,0.2054
T00735,15,0,0,0.0,1,1.0,False,False,0.2054
T00736,14,0,0,0.0,1,1.0,False,False,0.2229
T00737,15,0,0,0.0,1,1.0,False,False,0.2054
T00738,13,0,0,0.0,1,1.0,False,False,0.2241
T00739,12,0,0,0.0,1,1.0,False,False,0.2035
T00740,13,0,0,0.0,1,1.0,False,False,0.2241
T00741,14,0,0,0.0,1,1.0,False,False,0.2229
T00742,13,0,0,0.0,1,1.0,False,False,0.2241
T00743,12,0,0,0.0,1,1.0,False,False,0.2035
T00744,12,0,0,0.0,1,1.0,False,False,0.2035
T00745,14,0,0,0.0,1,1.0,False,False,0.2229
T00746,13,3,5,0.417,1,1.0,True,True,-0.1537
T00747,10,0,0,0.0,1,1.0,False,False,0.1132
T00748,16,1,2,0.133,1,1.0,True,True,-0.0587
T00749,14,3,6,0.462,1,1.0,True,True,-0.1683
T00750,12,0,0,0.0,1,1.0,False,False,0.2035
T00751,16,0,0,0.0,1,1.0,False,False,0.1859
T00752,14,0,0,0.0,1,1.0,False,False,0.2229
T00753,15,0,0,0.0,1,1.0,False,False,0.2054
T00754,15,0,0,0.0,1,1.0,False,False,0.2054
T00755,10,0,0,0.0,1,1.0,False,False,0.1132
T00756,14,0,0,0.0,1,1.0,False,False,0.2229
T00757,11,0,0,0.0,2,0.9,False,True,-0.0595
T00758,15,0,0,0.0,1,1.0,False,False,0.2054
T00759,14,0,0,0.0,1,1.0,False,False,0.2229
T00760,13,0,0,0.0,1,1.0,True,False,0.2241
T00761,15,0,0,0.0,2,0.929,False,False,0.0177
T00762,15,0,0,0.0,1,1.0,False,False,0.2054
T00763,13,0,0,0.0,1,1.0,False,False,0.2241
T00764,13,0,0,0.0,1,1.0,False,False,0.2241
T00765,12,0,0,0.0,1,1.0,False,False,0.2035
T00766,14,0,0,0.0,1,1.0,False,False,0.2229
T00767,13,0,0,0.0,1,1.0,False,False,0.2241
T00768,14,0,0,0.0,1,1.0,False,False,0.2229
T00769,12,0,0,0.0,1,1.0,False,False,0.2035
T00770,13,0,0,0.0,1,1.0,False,False,0.2241
T00771,13,0,0,0.0,2,0.917,False,False,0.0
T00772,12,0,0,0.0,1,1.0,False,False,0.2035
T00773,13,0,0,0.0,1,1.0,False,False,0.2241
T00774,17,0,0,0.0,1,1.0,False,False,0.1213
T00775,16,0,0,0.0,1,1.0,False,False,0.1859
T00776,10,0,0,0.0,2,0.889,False,True,-0.0817
T00777,14,0,0,0.0,1,1.0,False,False,0.2229
T00778,16,0,0,0.0,1,1.0,False,False,0.1859
T00779,11,0,0,0.0,1,1.0,False,False,0.1749
T00780,12,0,0,0.0,1,1.0,False,False,0.2035
T00781,12,0,0,0.0,1,1.0,False,False,0.2035
T00782,11,0,0,0.0,1,1.0,False,False,0.1749
T00783,11,0,0,0.0,1,1.0,False,False,0.1749
T00784,10,0,0,0.0,2,0.889,False,True,-0.0817
T00785,11,3,5,0.5,1,1.0,True,True,-0.171
T00786,16,0,0,0.0,1,1.0,False,False,0.1859
T00787,13,0,0,0.0,1,1.0,False,False,0.2241
T00788,13,0,0,0.0,1,1.0,False,False,0.2241
T00789,16,0,0,0.0,1,1.0,False,False,0.1859
T00790,15,0,0,0.0,1,1.0,False,False,0.2054
T00791,13,0,0,0.0,2,0.917,False,False,0.0
T00792,14,0,0,0.0,1,1.0,False,False,0.2229
T00793,15,0,0,0.0,1,1.0,False,False,0.2054
T00794,13,0,0,0.0,1,1.0,False,False,0.2241
T00795,11,0,0,0.0,1,1.0,False,False,0.1749
T00796,14,0,0,0.0,1,1.0,False,False,0.2229
T00797,18,0,0,0.0,1,1.0,True,False,0.0258
T00798,11,0,0,0.0,1,1.0,False,False,0.1749
T00799,13,0,0,0.0,1,1.0,False,False,0.2241
T00800,11,2,4,0.4,1,1.0,True,True,-0.1319
T00801,13,0,0,0.0,1,1.0,False,False,0.2241
T00802,14,0,0,0.0,1,1.0,False,False,0.2229
T00803,16,0,0,0.0,1,1.0,False,False,0.1859
T00804,16,0,0,0.0,1,1.0,False,False,0.1859
T00805,13,0,0,0.0,1,1.0,False,False,0.2241
T00806,12,0,0,0.0,1,1.0,False,False,0.2035
T00807,13,3,6,0.5,1,1.0,True,True,-0.166
T00808,16,0,0,0.0,1,1.0,False,False,0.1859
T00809,18,0,0,0.0,1,1.0,False,False,0.0258
T00810,13,0,0,0.0,1,1.0,True,False,0.2241
T00811,9,0,0,0.0,1,1.0,False,False,0.0193
T00812,14,0,0,0.0,1,1.0,False,False,0.2229
T00813,16,1,2,0.133,1,1.0,True,True,-0.0587
T00814,16,0,0,0.0,1,1.0,False,False,0.1859
T00815,15,0,0,0.0,1,1.0,False,False,0.2054
T00816,11,0,0,0.0,3,0.8,False,True,-0.146
T00817,13,0,0,0.0,1,1.0,False,False,0.2241
T00818,17,0,0,0.0,1,1.0,False,False,0.1213
T00819,12,0,0,0.0,1,1.0,False,False,0.2035
T00820,12,0,0,0.0,1,1.0,False,False,0.2035
T00821,17,0,0,0.0,1,1.0,False,False,0.1213
T00822,13,0,0,0.0,1,1.0,False,False,0.2241
T00823,10,0,0,0.0,1,1.0,False,False,0.1132
T00824,11,0,0,0.0,1,1.0,False,False,0.1749
T00825,15,0,0,0.0,1,1.0,False,False,0.2054
T00826,15,0,0,0.0,2,0.929,False,False,0.0177
T00827,15,0,0,0.0,1,1.0,False,False,0.2054
T00828,17,1,1,0.062,1,1.0,True,True,-0.0646
T00829,13,0,0,0.0,1,1.0,False,False,0.2241
T00830,11,0,0,0.0,1,1.0,False,False,0.1749
T00831,13,0,0,0.0,1,1.0,False,False,0.2241
T00832,14,0,0,0.0,1,1.0,False,False,0.2229
T00833,17,0,0,0.0,1,1.0,False,False,0.1213
T00834,12,0,0,0.0,1,1.0,False,False,0.2035
T00835,15,0,0,0.0,1,1.0,False,False,0.2054
T00836,12,0,0,0.0,1,1.0,False,False,0.2035
T00837,16,0,0,0.0,2,0.933,False,True,-0.0075
T00838,11,0,0,0.0,1,1.0,False,False,0.1749
T00839,16,0,0,0.0,1,1.0,False,False,0.1859
T00840,16,0,0,0.0,1,1.0,False,False,0.1859
T00841,10,0,0,0.0,1,1.0,False,False,0.1132
T00842,11,0,0,0.0,1,1.0,False,False,0.1749
T00843,10,0,0,0.0,1,1.0,False,False,0.1132
T00844,11,0,0,0.0,2,0.9,False,True,-0.0595
T00845,13,0,0,0.0,1,1.0,False,False,0.2241
T00846,13,0,0,0.0,1,1.0,False,False,0.2241
T00847,15,0,0,0.0,1,1.0,False,False,0.2054
T00848,11,0,0,0.0,1,1.0,False,False,0.1749
T00849,12,0,0,0.0,1,1.0,False,False,0.2035
T00850,10,0,0,0.0,1,1.0,False,False,0.1132
T00851,11,0,0,0.0,1,1.0,False,False,0.1749
T00852,12,0,0,0.0,1,1.0,False,False,0.2035
T00853,15,0,0,0.0,1,1.0,False,False,0.2054
T00854,10,0,0,0.0,1,1.0,False,False,0.1132
T00855,16,0,0,0.0,2,0.933,False,True,-0.0075
T00856,13,0,0,0.0,1,1.0,True,False,0.2241
T00857,11,2,3,0.3,1,1.0,True,True,-0.1104
T00858,15,0,0,0.0,1,1.0,False,False,0.2054
T00859,16,0,0,0.0,1,1.0,False,False,0.1859
T00860,11,0,0,0.0,1,1.0,False,False,0.1749
T00861,13,0,0,0.0,1,1.0,False,False,0.2241
T00862,12,0,0,0.0,1,1.0,False,False,0.2035
T00863,15,0,0,0.0,2,0.929,False,False,0.0177
T00864,12,0,0,0.0,1,1.0,False,False,0.2035
T00865,14,0,0,0.0,1,1.0,False,False,0.2229
T00866,14,0,0,0.0,1,1.0,False,False,0.2229
T00867,15,0,0,0.0,1,1.0,False,False,0.2054
T00868,14,0,0,0.0,1,1.0,False,False,0.2229
T00869,14,0,0,0.0,1,1.0,False,False,0.2229
T00870,12,0,0,0.0,1,1.0,False,False,0.2035
T00871,15,0,0,0.0,1,1.0,False,False,0.2054
T00872,15,0,0,0.0,1,1.0,False,False,0.2054
T00873,13,0,0,0.0,1,1.0,False,False,0.2241
T00874,15,0,0,0.0,1,1.0,False,False,0.2054
T00875,15,0,0,0.0,1,1.0,False,False,0.2054
T00876,14,0,0,0.0,2,0.846,False,True,-0.1069
T00877,14,0,0,0.0,1,1.0,False,False,0.2229
T00878,14,0,0,0.0,1,1.0,False,False,0.2229
T00879,15,0,0,0.0,1,1.0,False,False,0.2054
T00880,14,0,0,0.0,1,1.0,False,False,0.2229
T00881,12,0,0,0.0,1,1.0,False,False,0.2035
T00882,17,0,0,0.0,1,1.0,False,False,0.1213
T00883,14,0,0,0.0,1,1.0,False,False,0.2229
T00884,15,0,0,0.0,1,1.0,False,False,0.2054
T00885,12,0,0,0.0,1,1.0,False,False,0.2035
T00886,10,0,0,0.0,1,1.0,False,False,0.1132
T00887,10,0,0,0.0,1,1.0,False,False,0.1132
T00888,13,0,0,0.0,1,1.0,False,False,0.2241
T00889,12,0,0,0.0,1,1.0,False,False,0.2035
T00890,12,0,0,0.0,1,1.0,False,False,0.2035
T00891,14,0,0,0.0,1,1.0,False,False,0.2229
T00892,16,0,0,0.0,1,1.0,False,False,0.1859
T00893,11,0,0,0.0,1,1.0,False,False,0.1749
T00894,14,0,0,0.0,1,1.0,False,False,0.2229
T00895,14,0,0,0.0,1,1.0,False,False,0.2229
T00896,18,0,0,0.0,1,1.0,False,False,0.0258
T00897,13,0,0,0.0,1,1.0,False,False,0.2241
T00898,16,0,0,0.0,1,1.0,False,False,0.1859
T00899,12,0,0,0.0,1,1.0,False,False,0.2035
T00900,13,0,0,0.0,1,1.0,False,False,0.2241
T00901,13,0,0,0.0,1,1.0,False,False,0.2241
T00902,14,0,0,0.0,1,1.0,False,False,0.2229
T00903,16,0,0,0.0,1,1.0,False,False,0.1859
T00904,12,0,0,0.0,2,0.909,False,True,-0.0347
T00905,12,0,0,0.0,1,1.0,False,False,0.2035
T00906,11,0,0,0.0,1,1.0,False,False,0.1749
T00907,15,0,0,0.0,1,1.0,False,False,0.2054
T00908,17,0,0,0.0,2,0.938,False,True,-0.0489
T00909,10,0,0,0.0,1,1.0,False,False,0.1132
T00910,13,0,0,0.0,1,1.0,False,False,0.2241
T00911,13,0,0,0.0,1,1.0,False,False,0.2241
T00912,15,0,0,0.0,1,1.0,False,False,0.2054
T00913,15,0,0,0.0,1,1.0,False,False,0.2054
T00914,14,0,0,0.0,1,1.0,False,False,0.2229
T00915,14,0,0,0.0,1,1.0,False,False,0.2229
T00916,15,0,0,0.0,1,1.0,False,False,0.2054
T00917,17,0,0,0.0,1,1.0,False,False,0.1213
T00918,12,0,0,0.0,1,1.0,False,False,0.2035
T00919,14,0,0,0.0,2,0.923,False,False,0.0063
T00920,14,0,0,0.0,1,1.0,False,False,0.2229
T00921,14,0,0,0.0,1,1.0,False,False,0.2229
T00922,13,0,0,0.0,1,1.0,False,False,0.2241
T00923,12,0,0,0.0,1,1.0,False,False,0.2035
T00924,14,0,0,0.0,1,1.0,False,False,0.2229
T00925,13,0,0,0.0,1,1.0,False,False,0.2241
T00926,18,0,0,0.0,1,1.0,False,False,0.0258
T00927,15,0,0,0.0,1,1.0,False,False,0.2054
T00928,14,0,0,0.0,1,1.0,False,False,0.2229
T00929,14,0,0,0.0,1,1.0,False,False,0.2229
T00930,9,0,0,0.0,1,1.0,False,False,0.0193
T00931,14,0,0,0.0,1,1.0,False,False,0.2229
T00932,14,0,0,0.0,1,1.0,False,False,0.2229
T00933,12,0,0,0.0,1,1.0,False,False,0.2035
T00934,13,0,0,0.0,1,1.0,False,False,0.2241
T00935,11,0,0,0.0,1,1.0,False,False,0.1749
T00936,9,0,0,0.0,1,1.0,False,False,0.0193
T00937,10,0,0,0.0,1,1.0,False,False,0.1132
T00938,13,0,0,0.0,1,1.0,False,False,0.2241
T00939,10,0,0,0.0,1,1.0,False,False,0.1132
T00940,11,0,0,0.0,1,1.0,False,False,0.1749
T00941,13,0,0,0.0,1,1.0,False,False,0.2241
T00942,13,0,0,0.0,1,1.0,False,False,0.2241
T00943,11,0,0,0.0,1,1.0,False,False,0.1749
T00944,12,0,0,0.0,1,1.0,False,False,0.2035
T00945,14,0,0,0.0,1,1.0,False,False,0.2229
T00946,17,0,0,0.0,1,1.0,False,False,0.1213
T00947,13,0,0,0.0,1,1.0,False,False,0.2241
T00948,16,0,0,0.0,2,0.933,False,True,-0.0075
T00949,15,0,0,0.0,1,1.0,False,False,0.2054
T00950,18,0,0,0.0,1,1.0,False,False,0.0258
T00951,12,0,0,0.0,1,1.0,False,False,0.2035
T00952,15,0,0,0.0,1,1.0,False,False,0.2054
T00953,17,0,0,0.0,1,1.0,False,False,0.1213
T00954,15,0,0,0.0,1,1.0,False,False,0.2054
T00955,13,0,0,0.0,2,0.917,False,False,0.0
T00956,11,0,0,0.0,1,1.0,False,False,0.1749
T00957,13,0,0,0.0,1,1.0,False,False,0.2241
T00958,15,0,0,0.0,1,1.0,False,False,0.2054
T00959,9,0,0,0.0,1,1.0,False,False,0.0193
T00960,14,0,0,0.0,1,1.0,False,False,0.2229
T00961,11,0,0,0.0,1,1.0,False,False,0.1749
T00962,17,0,0,0.0,1,1.0,False,False,0.1213
T00963,13,0,0,0.0,1,1.0,False,False,0.2241
T00964,15,0,0,0.0,1,1.0,False,False,0.2054
T00965,16,0,0,0.0,1,1.0,True,False,0.1859
T00966,12,0,0,0.0,1,1.0,False,False,0.2035
T00967,14,0,0,0.0,1,1.0,False,False,0.2229
T00968,16,0,0,0.0,1,1.0,False,False,0.1859
T00969,13,0,0,0.0,1,1.0,False,False,0.2241
T00970,14,0,0,0.0,1,1.0,False,False,0.2229
T00971,10,0,0,0.0,1,1.0,False,False,0.1132
T00972,12,0,0,0.0,1,1.0,False,False,0.2035
T00973,11,0,0,0.0,1,1.0,False,False,0.1749
T00974,16,0,0,0.0,1,1.0,False,False,0.1859
T00975,13,0,0,0.0,1,1.0,False,False,0.2241
T00976,13,0,0,0.0,1,1.0,False,False,0.2241
T00977,14,0,0,0.0,1,1.0,False,False,0.2229
T00978,13,0,0,0.0,1,1.0,False,False,0.2241
T00979,13,0,0,0.0,1,1.0,False,False,0.2241
T00980,13,0,0,0.0,1,1.0,False,False,0.2241
T00981,15,0,0,0.0,1,1.0,False,False,0.2054
T00982,16,0,0,0.0,1,1.0,False,False,0.1859
T00983,14,0,0,0.0,1,1.0,False,False,0.2229
T00984,11,0,0,0.0,1,1.0,False,False,0.1749
T00985,13,0,0,0.0,1,1.0,False,False,0.2241
T00986,14,0,0,0.0,1,1.0,False,False,0.2229
T00987,9,0,0,0.0,1,1.0,False,False,0.0193
T00988,17,0,0,0.0,1,1.0,False,False,0.1213
T00989,18,0,0,0.0,1,1.0,True,False,0.0258
T00990,15,0,0,0.0,1,1.0,False,False,0.2054
T00991,15,0,0,0.0,2,0.929,False,False,0.0177
T00992,13,0,0,0.0,1,1.0,False,False,0.2241
T00993,17,0,0,0.0,1,1.0,False,False,0.1213
T00994,15,0,0,0.0,1,1.0,False,False,0.2054
T00995,12,0,0,0.0,1,1.0,False,False,0.2035
T00996,12,0,0,0.0,1,1.0,False,False,0.2035
T00997,13,0,0,0.0,1,1.0,False,False,0.2241
T00998,15,0,0,0.0,1,1.0,False,False,0.2054
T00999,11,0,0,0.0,1,1.0,False,False,0.1749
T01000,12,0,0,0.0,1,1.0,False,False,0.2035
