tourist_id,n_visits,n_unique_clusters,n_restricted_visits,restricted_ratio,avg_dwell_minutes,total_distance_km,avg_distance_per_hop_km,revisit_ratio,is_suspicious_ground_truth,is_flagged_suspicious,anomaly_score
T00001,12,3,0,0.0,61.8,108.43,9.04,0.167,False,False,0.1079
T00002,13,3,0,0.0,55.8,171.32,13.18,0.077,False,False,0.1014
T00003,15,4,0,0.0,53.1,167.26,11.15,0.133,False,False,0.1238
T00004,14,4,0,0.0,58.2,170.06,12.15,0.071,False,False,0.1147
T00005,13,3,0,0.0,63.8,161.17,12.4,0.154,False,False,0.0998
T00006,10,3,0,0.0,52.4,83.61,8.36,0.3,False,False,0.0273
T00007,12,4,0,0.0,53.6,163.54,13.63,0.25,False,False,0.0935
T00008,12,4,0,0.0,65.8,128.21,10.68,0.167,False,False,0.0873
T00009,10,3,0,0.0,55.8,77.36,7.74,0.1,False,False,0.0473
T00010,12,3,2,0.167,50.4,145.41,12.12,0.25,True,True,-0.1284
T00011,14,2,0,0.0,45.1,114.32,8.17,0.214,False,False,0.0284
T00012,15,3,0,0.0,50.6,122.8,8.19,0.067,False,False,0.0927
T00013,16,2,0,0.0,56.6,126.28,7.89,0.125,False,False,0.0375
T00014,14,3,0,0.0,47.6,102.32,7.31,0.143,False,False,0.0806
T00015,18,5,0,0.0,56.8,214.36,11.91,0.167,False,True,-0.0074
T00016,14,3,0,0.0,53.4,126.47,9.03,0.143,False,False,0.1335
T00017,15,4,0,0.0,65.7,154.57,10.3,0.333,False,False,0.0377
T00018,15,5,0,0.0,49.3,147.85,9.86,0.0,False,False,0.0259
T00019,14,3,0,0.0,67.0,132.77,9.48,0.143,False,False,0.0715
T00020,11,3,0,0.0,59.7,112.28,10.21,0.091,False,False,0.1016
T00021,14,4,0,0.0,65.2,152.31,10.88,0.071,False,False,0.0937
T00022,18,3,0,0.0,50.7,122.8,6.82,0.389,False,True,-0.0407
T00023,14,3,0,0.0,60.0,118.95,8.5,0.214,False,False,0.1213
T00024,17,4,0,0.0,56.5,157.67,9.27,0.176,False,False,0.0941
T00025,14,3,0,0.0,48.2,119.6,8.54,0.214,False,False,0.1076
T00026,14,4,0,0.0,65.3,190.25,13.59,0.214,False,False,0.063
T00027,16,3,0,0.0,59.9,133.8,8.36,0.25,False,False,0.0934
T00028,16,5,0,0.0,44.0,188.77,11.8,0.062,False,False,0.0034
T00029,17,4,0,0.0,57.3,221.45,13.03,0.176,False,False,0.049
T00030,13,3,0,0.0,61.9,163.72,12.59,0.231,False,False,0.1003
T00031,14,2,0,0.0,59.4,112.79,8.06,0.143,False,False,0.067
T00032,12,4,0,0.0,59.1,141.27,11.77,0.167,False,False,0.1189
T00033,13,3,0,0.0,44.5,116.22,8.94,0.231,False,False,0.0747
T00034,14,3,0,0.0,59.9,114.46,8.18,0.143,False,False,0.116
T00035,13,3,0,0.0,57.8,147.46,11.34,0.154,False,False,0.1304
T00036,14,4,0,0.0,57.6,140.39,10.03,0.286,False,False,0.1135
T00037,14,3,0,0.0,58.5,121.38,8.67,0.0,False,False,0.0972
T00038,16,4,0,0.0,60.8,142.64,8.91,0.125,False,False,0.1044
T00039,13,4,0,0.0,50.1,158.13,12.16,0.077,False,False,0.1108
T00040,13,6,2,0.154,55.6,179.64,13.82,0.077,True,True,-0.1418
T00041,16,4,0,0.0,52.8,139.47,8.72,0.062,False,False,0.094
T00042,13,3,0,0.0,57.1,139.92,10.76,0.154,False,False,0.1374
T00043,14,4,0,0.0,59.8,175.31,12.52,0.0,False,False,0.0832
T00044,14,3,1,0.071,53.2,157.56,11.25,0.071,True,True,-0.049
T00045,13,6,1,0.077,62.9,169.82,13.06,0.154,True,True,-0.1122
T00046,11,4,0,0.0,53.3,137.93,12.54,0.0,False,False,0.0746
T00047,17,3,0,0.0,59.4,133.87,7.87,0.235,False,False,0.0703
T00048,15,3,0,0.0,49.6,140.98,9.4,0.2,False,False,0.112
T00049,14,4,0,0.0,52.6,219.15,15.65,0.214,False,False,0.0133
T00050,14,4,0,0.0,58.8,173.16,12.37,0.143,False,False,0.1205
T00051,13,3,0,0.0,52.2,129.7,9.98,0.385,False,False,0.0596
T00052,15,6,0,0.0,55.3,191.27,12.75,0.0,False,True,-0.0156
T00053,15,3,0,0.0,60.0,134.52,8.97,0.2,False,False,0.1229
T00054,13,5,0,0.0,63.2,101.5,7.81,0.231,False,False,0.0216
T00055,14,4,0,0.0,60.4,152.84,10.92,0.143,False,False,0.1303
T00056,16,4,0,0.0,58.8,215.02,13.44,0.125,False,False,0.071
T00057,12,3,0,0.0,54.0,113.74,9.48,0.0,False,False,0.0868
T00058,11,4,0,0.0,49.3,128.33,11.67,0.091,False,False,0.0912
T00059,13,3,0,0.0,52.3,114.59,8.81,0.308,False,False,0.0934
T00060,14,4,0,0.0,61.9,158.33,11.31,0.286,False,False,0.0922
T00061,13,3,0,0.0,61.5,112.96,8.69,0.308,False,False,0.0874
T00062,13,2,0,0.0,55.8,107.24,8.25,0.0,False,False,0.0317
T00063,11,4,0,0.0,48.4,143.62,13.06,0.091,False,False,0.0788
T00064,14,4,0,0.0,57.9,143.65,10.26,0.143,False,False,0.1371
T00065,12,4,0,0.0,49.1,151.33,12.61,0.083,False,False,0.0988
T00066,14,4,0,0.0,57.8,141.51,10.11,0.0,False,False,0.1061
T00067,13,3,0,0.0,59.6,92.34,7.1,0.308,False,False,0.0616
T00068,15,2,0,0.0,52.3,83.02,5.53,0.2,False,True,-0.0124
T00069,11,4,0,0.0,50.1,123.3,11.21,0.091,False,False,0.0977
T00070,12,4,0,0.0,56.7,166.66,13.89,0.0,False,False,0.0717
T00071,12,3,0,0.0,53.9,77.57,6.46,0.25,False,False,0.0484
T00072,13,3,0,0.0,49.9,130.03,10.0,0.231,False,False,0.1218
T00073,15,3,0,0.0,61.8,111.65,7.44,0.333,False,False,0.0436
T00074,14,4,0,0.0,56.6,158.2,11.3,0.071,False,False,0.123
T00075,18,4,0,0.0,59.2,196.01,10.89,0.167,False,False,0.049
T00076,13,3,0,0.0,58.4,169.76,13.06,0.231,False,False,0.1017
T00077,13,3,0,0.0,60.8,140.86,10.84,0.231,False,False,0.1233
T00078,15,3,0,0.0,62.7,189.95,12.66,0.133,False,False,0.0787
T00079,13,3,0,0.0,51.3,135.63,10.43,0.0,False,False,0.0982
T00080,13,4,0,0.0,54.0,121.25,9.33,0.154,False,False,0.127
T00081,16,4,0,0.0,56.2,165.57,10.35,0.062,False,False,0.1018
T00082,16,4,0,0.0,48.9,151.17,9.45,0.188,False,False,0.0971
T00083,14,3,0,0.0,47.9,166.61,11.9,0.286,False,False,0.0686
T00084,14,4,0,0.0,52.1,114.91,8.21,0.143,False,False,0.1123
T00085,13,2,0,0.0,46.5,133.79,10.29,0.154,False,False,0.055
T00086,13,3,0,0.0,54.5,109.46,8.42,0.154,False,False,0.125
T00087,14,4,0,0.0,66.9,174.53,12.47,0.143,False,False,0.0711
T00088,11,3,0,0.0,52.5,153.57,13.96,0.273,False,False,0.0439
T00089,12,4,0,0.0,53.2,133.69,11.14,0.333,False,False,0.0725
T00090,10,3,0,0.0,61.1,99.11,9.91,0.1,False,False,0.0721
T00091,11,3,0,0.0,54.5,145.51,13.23,0.091,False,False,0.087
T00092,18,3,0,0.0,64.4,173.75,9.65,0.222,False,False,0.0093
T00093,15,4,2,0.133,46.9,147.3,9.82,0.2,True,True,-0.1123
T00094,11,5,1,0.091,56.7,134.34,12.21,0.0,True,True,-0.0956
T00095,14,3,0,0.0,47.0,77.22,5.52,0.286,False,True,-0.0118
T00096,14,4,0,0.0,53.4,151.2,10.8,0.143,False,False,0.1336
T00097,15,3,0,0.0,56.9,166.61,11.11,0.133,False,False,0.1174
T00098,9,3,0,0.0,63.4,102.13,11.35,0.0,False,True,-0.0003
T00099,13,4,0,0.0,51.2,159.89,12.3,0.154,False,False,0.1249
T00100,15,4,0,0.0,52.1,121.33,8.09,0.067,False,False,0.0961
T00101,14,4,0,0.0,57.3,184.88,13.21,0.071,False,False,0.1056
T00102,15,4,0,0.0,56.7,148.57,9.9,0.133,False,False,0.1283
T00103,11,5,4,0.364,59.4,191.56,17.41,0.273,True,True,-0.2396
T00104,15,4,0,0.0,53.0,184.25,12.28,0.133,False,False,0.1163
T00105,15,3,0,0.0,52.9,102.68,6.85,0.2,False,False,0.0804
T00106,12,4,0,0.0,48.5,108.83,9.07,0.167,False,False,0.098
T00107,14,2,0,0.0,51.2,116.54,8.32,0.214,False,False,0.0672
T00108,11,3,0,0.0,42.0,120.04,10.91,0.273,False,False,0.0287
T00109,17,4,0,0.0,51.5,213.93,12.58,0.294,False,False,0.0295
T00110,14,5,0,0.0,53.4,154.78,11.06,0.071,False,False,0.0861
T00111,16,4,0,0.0,54.1,184.1,11.51,0.312,False,False,0.0676
T00112,13,4,0,0.0,56.5,82.2,6.32,0.0,False,False,0.0136
T00113,13,4,0,0.0,57.6,145.27,11.17,0.0,False,False,0.1047
T00114,14,5,0,0.0,55.6,165.91,11.85,0.071,False,False,0.0815
T00115,12,3,0,0.0,65.4,116.77,9.73,0.083,False,False,0.0787
T00116,11,3,0,0.0,50.3,152.86,13.9,0.0,False,False,0.0324
T00117,13,4,0,0.0,50.6,188.31,14.49,0.077,False,False,0.0691
T00118,16,3,0,0.0,59.4,134.24,8.39,0.0,False,False,0.0599
T00119,14,3,0,0.0,57.9,181.05,12.93,0.143,False,False,0.1041
T00120,14,3,0,0.0,54.9,128.17,9.15,0.071,False,False,0.1259
T00121,12,3,0,0.0,57.9,94.68,7.89,0.167,False,False,0.109
T00122,15,5,0,0.0,57.7,155.11,10.34,0.067,False,False,0.0758
T00123,12,5,0,0.0,51.1,172.72,14.39,0.083,False,False,0.0331
T00124,16,4,0,0.0,50.9,181.02,11.31,0.312,False,False,0.0646
T00125,14,4,0,0.0,54.5,90.41,6.46,0.143,False,False,0.0605
T00126,17,4,0,0.0,53.4,182.41,10.73,0.118,False,False,0.0883
T00127,14,3,0,0.0,57.3,172.12,12.29,0.286,False,False,0.0851
T00128,14,4,0,0.0,50.8,122.34,8.74,0.0,False,False,0.0879
T00129,13,3,0,0.0,64.3,135.92,10.46,0.308,False,False,0.0723
T00130,11,3,0,0.0,58.6,65.41,5.95,0.091,False,False,0.013
T00131,14,3,0,0.0,59.6,139.64,9.97,0.214,False,False,0.1294
T00132,15,3,0,0.0,49.4,168.03,11.2,0.2,False,False,0.1017
T00133,16,4,0,0.0,55.2,115.87,7.24,0.312,False,False,0.0365
T00134,13,3,0,0.0,60.0,115.71,8.9,0.077,False,False,0.1178
T00135,18,4,0,0.0,51.0,180.27,10.02,0.167,False,False,0.0436
T00136,14,4,0,0.0,61.1,165.41,11.81,0.071,False,False,0.1168
T00137,12,2,0,0.0,53.5,116.61,9.72,0.083,False,False,0.069
T00138,14,3,0,0.0,60.7,133.15,9.51,0.143,False,False,0.1258
T00139,15,3,0,0.0,59.2,155.7,10.38,0.067,False,False,0.1122
T00140,17,3,0,0.0,52.6,146.5,8.62,0.118,False,False,0.0781
T00141,14,3,0,0.0,49.0,149.2,10.66,0.143,False,False,0.1173
T00142,10,3,0,0.0,48.1,128.79,12.88,0.1,True,False,0.0535
T00143,15,3,0,0.0,68.9,147.97,9.86,0.067,False,False,0.0488
T00144,13,4,0,0.0,55.8,146.52,11.27,0.231,False,False,0.126
T00145,14,4,0,0.0,40.6,153.71,10.98,0.143,False,False,0.0598
T00146,16,5,0,0.0,70.5,199.41,12.46,0.375,False,True,-0.0826
T00147,12,4,3,0.25,56.8,125.07,10.42,0.167,True,True,-0.1661
T00148,11,2,0,0.0,46.6,143.47,13.04,0.273,False,True,-0.0131
T00149,13,3,0,0.0,61.5,166.18,12.78,0.231,False,False,0.0999
T00150,9,3,0,0.0,59.9,62.89,6.99,0.111,False,True,-0.0235
T00151,14,3,0,0.0,53.9,126.14,9.01,0.286,False,False,0.1074
T00152,13,4,0,0.0,58.8,117.54,9.04,0.154,False,False,0.1279
T00153,13,3,0,0.0,55.5,142.23,10.94,0.154,False,False,0.1353
T00154,11,3,0,0.0,49.5,140.39,12.76,0.091,False,False,0.0808
T00155,12,2,0,0.0,56.2,115.38,9.62,0.167,False,False,0.082
T00156,13,4,0,0.0,56.2,169.53,13.04,0.154,False,False,0.1225
T00157,10,3,0,0.0,53.4,89.72,8.97,0.1,False,False,0.0719
T00158,15,3,0,0.0,56.4,119.91,7.99,0.133,False,False,0.1106
T00159,14,5,0,0.0,49.1,150.73,10.77,0.286,False,False,0.0439
T00160,15,4,0,0.0,62.0,182.47,12.16,0.267,False,False,0.0872
T00161,16,4,0,0.0,52.3,178.64,11.17,0.188,False,False,0.1104
T00162,16,4,0,0.0,58.9,188.87,11.8,0.125,False,False,0.1042
T00163,13,3,0,0.0,49.6,125.31,9.64,0.077,False,False,0.1121
T00164,13,3,0,0.0,50.0,158.22,12.17,0.077,False,False,0.1014
T00165,13,3,0,0.0,58.5,95.45,7.34,0.077,False,False,0.0922
T00166,13,3,0,0.0,54.4,159.96,12.3,0.231,False,False,0.1159
T00167,16,4,0,0.0,56.2,110.22,6.89,0.25,False,False,0.0504
T00168,14,4,0,0.0,58.4,168.24,12.02,0.214,False,False,0.1208
T00169,16,4,0,0.0,56.5,171.52,10.72,0.312,False,False,0.0712
T00170,12,4,0,0.0,59.0,143.59,11.97,0.083,False,False,0.1133
T00171,11,4,0,0.0,53.8,113.6,10.33,0.091,False,False,0.1071
T00172,15,6,0,0.0,50.9,209.4,13.96,0.067,False,True,-0.0215
T00173,14,4,0,0.0,61.6,116.69,8.33,0.286,True,False,0.0868
T00174,11,3,0,0.0,45.5,106.13,9.65,0.273,False,False,0.052
T00175,14,4,0,0.0,49.9,135.63,9.69,0.214,False,False,0.1187
T00176,18,3,0,0.0,56.4,152.88,8.49,0.111,False,False,0.0325
T00177,17,4,0,0.0,48.5,179.14,10.54,0.176,False,False,0.0762
T00178,12,3,0,0.0,48.5,129.05,10.75,0.167,False,False,0.11
T00179,11,4,0,0.0,45.8,104.32,9.48,0.091,False,False,0.0641
T00180,10,4,0,0.0,52.5,106.84,10.68,0.1,False,False,0.0747
T00181,15,2,0,0.0,52.5,117.28,7.82,0.333,False,False,0.0103
T00182,18,4,0,0.0,53.4,208.86,11.6,0.278,False,False,0.0183
T00183,10,5,0,0.0,49.0,129.23,12.92,0.0,False,True,-0.0078
T00184,12,2,0,0.0,52.9,140.19,11.68,0.333,False,False,0.0206
T00185,14,2,0,0.0,51.5,119.58,8.54,0.143,False,False,0.0739
T00186,11,4,0,0.0,61.5,93.24,8.48,0.091,False,False,0.077
T00187,13,5,0,0.0,63.2,194.22,14.94,0.077,False,True,-0.0019
T00188,15,4,0,0.0,49.0,136.99,9.13,0.267,False,False,0.0945
T00189,12,4,0,0.0,57.8,157.64,13.14,0.0,False,False,0.0838
T00190,12,3,0,0.0,61.4,112.49,9.37,0.167,False,False,0.1096
T00191,16,4,1,0.062,61.1,148.26,9.27,0.062,True,True,-0.0544
T00192,15,4,0,0.0,50.9,142.4,9.49,0.2,False,False,0.1174
T00193,12,4,0,0.0,54.6,196.77,16.4,0.167,False,False,0.0081
T00194,12,3,0,0.0,62.9,109.82,9.15,0.25,False,False,0.0925
T00195,10,3,1,0.1,47.9,142.99,14.3,0.1,True,True,-0.1186
T00196,14,3,0,0.0,54.0,101.2,7.23,0.143,False,False,0.1027
T00197,10,4,0,0.0,59.5,90.34,9.03,0.1,False,False,0.0584
T00198,13,5,0,0.0,59.2,164.56,12.66,0.154,False,False,0.0786
T00199,14,3,0,0.0,63.3,149.25,10.66,0.143,False,False,0.116
T00200,17,3,0,0.0,57.5,136.86,8.05,0.176,False,False,0.0845
T00201,11,2,0,0.0,43.1,102.91,9.36,0.091,False,False,0.0035
T00202,14,4,0,0.0,61.9,183.03,13.07,0.214,False,False,0.1006
T00203,15,4,0,0.0,69.9,168.82,11.25,0.4,False,True,-0.0325
T00204,14,3,0,0.0,49.1,186.48,13.32,0.214,False,False,0.0786
T00205,13,4,0,0.0,51.2,173.38,13.34,0.231,False,False,0.1043
T00206,16,4,0,0.0,46.4,202.03,12.63,0.125,False,False,0.0518
T00207,13,4,0,0.0,59.2,120.9,9.3,0.231,False,False,0.1176
T00208,11,4,0,0.0,52.3,128.6,11.69,0.0,False,False,0.0782
T00209,12,4,0,0.0,56.2,93.5,7.79,0.167,False,False,0.0932
T00210,12,4,0,0.0,59.4,123.12,10.26,0.083,False,False,0.1152
T00211,14,4,0,0.0,57.4,109.72,7.84,0.071,False,False,0.1055
T00212,16,4,0,0.0,58.1,151.17,9.45,0.25,False,False,0.0998
T00213,16,4,0,0.0,44.6,191.58,11.97,0.188,False,False,0.056
T00214,14,3,0,0.0,50.1,106.82,7.63,0.214,True,False,0.0975
T00215,16,5,0,0.0,66.2,182.98,11.44,0.188,False,False,0.0228
T00216,18,3,0,0.0,55.7,160.41,8.91,0.167,False,False,0.0415
T00217,14,2,0,0.0,49.7,114.68,8.19,0.214,False,False,0.0577
T00218,16,3,0,0.0,67.2,147.25,9.2,0.25,False,False,0.0383
T00219,16,4,0,0.0,55.9,158.68,9.92,0.188,False,False,0.1134
T00220,15,4,0,0.0,54.9,142.23,9.48,0.133,False,False,0.1281
T00221,12,3,0,0.0,48.2,123.77,10.31,0.167,False,False,0.1102
T00222,15,3,0,0.0,64.1,209.24,13.95,0.133,False,False,0.0252
T00223,14,5,0,0.0,58.8,181.29,12.95,0.214,False,False,0.0692
T00224,12,4,0,0.0,56.2,89.35,7.45,0.083,False,False,0.0749
T00225,15,5,0,0.0,57.9,183.68,12.25,0.133,False,False,0.0753
T00226,13,4,0,0.0,54.0,142.02,10.92,0.231,False,False,0.1284
T00227,15,3,0,0.0,62.7,126.11,8.41,0.2,False,False,0.108
T00228,12,3,0,0.0,54.5,124.74,10.4,0.333,False,False,0.0835
T00229,16,4,0,0.0,52.2,130.81,8.18,0.25,False,False,0.0926
T00230,13,4,0,0.0,53.9,112.08,8.62,0.154,False,False,0.1168
T00231,13,4,0,0.0,62.8,141.28,10.87,0.077,False,False,0.1211
T00232,11,4,0,0.0,60.0,110.08,10.01,0.091,False,False,0.0956
T00233,12,5,0,0.0,56.1,152.81,12.73,0.083,False,False,0.0675
T00234,12,5,0,0.0,57.5,125.9,10.49,0.167,False,False,0.0654
T00235,13,3,0,0.0,59.4,119.13,9.16,0.077,False,False,0.1213
T00236,11,5,1,0.091,52.8,132.16,12.01,0.091,True,True,-0.0875
T00237,15,4,0,0.0,45.5,175.74,11.72,0.0,False,False,0.0427
T00238,16,3,0,0.0,54.7,168.09,10.51,0.125,False,False,0.1055
T00239,16,3,0,0.0,45.4,126.22,7.89,0.188,False,False,0.0559
T00240,12,4,0,0.0,49.2,160.93,13.41,0.083,False,False,0.0916
T00241,14,4,0,0.0,61.3,211.36,15.1,0.214,False,False,0.0263
T00242,15,3,0,0.0,51.5,157.64,10.51,0.133,False,False,0.1198
T00243,11,2,0,0.0,54.0,121.31,11.03,0.182,False,False,0.0654
T00244,17,3,0,0.0,54.0,157.0,9.24,0.294,False,False,0.0652
T00245,15,3,0,0.0,53.5,129.32,8.62,0.533,False,False,0.0231
T00246,17,4,0,0.0,59.6,126.55,7.44,0.059,False,False,0.039
T00247,15,4,0,0.0,51.1,183.04,12.2,0.2,False,False,0.1122
T00248,13,3,0,0.0,56.5,165.07,12.7,0.077,False,False,0.1122
T00249,13,3,0,0.0,45.6,90.67,6.97,0.154,False,False,0.0497
T00250,13,4,0,0.0,51.1,119.49,9.19,0.154,False,False,0.1203
T00251,13,3,0,0.0,51.1,122.43,9.42,0.231,False,False,0.1154
T00252,13,5,0,0.0,52.4,161.01,12.39,0.154,False,False,0.0837
T00253,14,4,0,0.0,50.9,141.42,10.1,0.214,False,False,0.1269
T00254,14,4,0,0.0,56.4,178.05,12.72,0.214,False,False,0.1182
T00255,15,4,0,0.0,51.6,190.52,12.7,0.067,False,False,0.0987
T00256,14,4,0,0.0,49.4,196.83,14.06,0.071,False,False,0.0702
T00257,11,3,0,0.0,47.5,112.08,10.19,0.091,False,False,0.09
T00258,13,3,0,0.0,57.8,145.9,11.22,0.077,False,False,0.1237
T00259,12,2,0,0.0,55.2,102.32,8.53,0.167,False,False,0.0775
T00260,12,3,0,0.0,57.7,146.75,12.23,0.083,False,False,0.1143
T00261,15,4,0,0.0,54.7,157.82,10.52,0.067,False,False,0.1186
T00262,15,3,0,0.0,54.3,180.45,12.03,0.267,False,False,0.0917
T00263,14,3,0,0.0,58.7,160.38,11.46,0.0,False,False,0.0897
T00264,13,4,0,0.0,49.7,93.83,7.22,0.077,False,False,0.0614
T00265,14,3,0,0.0,56.5,131.69,9.41,0.071,False,False,0.1261
T00266,11,4,0,0.0,57.4,104.91,9.54,0.091,False,False,0.0991
T00267,14,4,0,0.0,52.8,128.45,9.17,0.071,False,False,0.1233
T00268,14,4,0,0.0,59.2,156.09,11.15,0.0,False,False,0.099
T00269,12,3,0,0.0,54.8,80.88,6.74,0.083,False,False,0.0616
T00270,16,4,0,0.0,58.1,147.77,9.24,0.125,False,False,0.111
T00271,14,3,0,0.0,55.4,170.85,12.2,0.143,False,False,0.1128
T00272,10,4,0,0.0,50.2,111.24,11.12,0.2,False,False,0.0637
T00273,15,3,0,0.0,57.0,122.25,8.15,0.267,False,False,0.1012
T00274,12,3,0,0.0,54.8,153.15,12.76,0.083,False,False,0.1065
T00275,15,3,0,0.0,52.8,145.6,9.71,0.067,False,False,0.1122
T00276,16,3,0,0.0,51.2,123.51,7.72,0.25,False,False,0.0768
T00277,14,4,0,0.0,53.7,160.2,11.44,0.143,True,False,0.1275
T00278,10,3,0,0.0,62.8,99.63,9.96,0.2,False,False,0.0682
T00279,12,3,0,0.0,58.8,116.51,9.71,0.167,False,False,0.1217
T00280,14,3,0,0.0,50.1,157.53,11.25,0.143,False,False,0.1144
T00281,15,4,0,0.0,50.4,116.68,7.78,0.133,False,False,0.0947
T00282,13,4,0,0.0,38.7,140.83,10.83,0.077,False,False,0.0503
T00283,11,4,0,0.0,57.5,119.35,10.85,0.091,False,False,0.11
T00284,13,3,0,0.0,55.0,113.99,8.77,0.154,False,False,0.1275
T00285,14,3,0,0.0,60.1,175.31,12.52,0.143,False,False,0.1066
T00286,12,4,0,0.0,56.8,130.12,10.84,0.083,False,False,0.1247
T00287,15,4,1,0.067,43.9,107.69,7.18,0.133,True,True,-0.0819
T00288,18,4,0,0.0,53.6,170.04,9.45,0.111,False,False,0.0415
T00289,14,4,0,0.0,47.2,195.53,13.97,0.214,False,False,0.0665
T00290,12,4,0,0.0,51.9,150.74,12.56,0.0,False,False,0.0855
T00291,14,2,0,0.0,55.4,102.73,7.34,0.0,False,False,0.0073
T00292,12,3,0,0.0,53.3,112.49,9.37,0.167,False,False,0.1223
T00293,12,3,0,0.0,58.2,129.02,10.75,0.083,False,False,0.1223
T00294,11,2,0,0.0,58.3,81.07,7.37,0.182,False,False,0.0333
T00295,14,4,0,0.0,55.4,154.78,11.06,0.143,False,False,0.1304
T00296,13,3,0,0.0,59.7,163.94,12.61,0.154,False,False,0.1176
T00297,11,2,0,0.0,56.3,96.24,8.75,0.0,False,False,0.019
T00298,16,4,0,0.0,62.7,159.77,9.99,0.0,False,False,0.0627
T00299,11,3,0,0.0,46.5,128.7,11.7,0.091,False,False,0.078
T00300,12,3,0,0.0,53.4,141.53,11.79,0.25,False,False,0.1093
T00301,10,3,0,0.0,58.3,67.3,6.73,0.3,False,True,-0.0095
T00302,13,4,0,0.0,53.7,99.77,7.67,0.154,True,False,0.0977
T00303,18,3,0,0.0,55.3,192.48,10.69,0.222,False,False,0.0324
T00304,17,3,0,0.0,47.8,106.27,6.25,0.176,False,False,0.0164
T00305,16,3,0,0.0,53.0,202.75,12.67,0.25,False,False,0.0532
T00306,12,4,0,0.0,56.8,157.11,13.09,0.083,False,False,0.1131
T00307,14,4,0,0.0,53.9,153.31,10.95,0.357,False,False,0.0646
T00308,12,3,0,0.0,50.6,89.48,7.46,0.083,False,False,0.0748
T00309,12,3,0,0.0,55.4,77.01,6.42,0.25,False,False,0.0477
T00310,15,5,0,0.0,54.5,163.7,10.91,0.133,False,False,0.0821
T00311,13,4,0,0.0,58.5,184.69,14.21,0.231,False,False,0.0824
T00312,11,3,0,0.0,60.4,135.75,12.34,0.273,False,False,0.0726
T00313,12,3,0,0.0,49.2,100.19,8.35,0.167,False,False,0.096
T00314,13,4,2,0.154,49.5,191.13,14.7,0.154,True,True,-0.124
T00315,14,3,0,0.0,64.1,114.24,8.16,0.214,False,False,0.0895
T00316,14,3,0,0.0,58.4,98.28,7.02,0.286,False,False,0.0736
T00317,9,2,0,0.0,51.6,79.24,8.8,0.111,False,True,-0.0215
T00318,15,3,0,0.0,58.3,137.68,9.18,0.333,False,False,0.08
T00319,15,4,0,0.0,63.2,147.07,9.8,0.2,False,False,0.1106
T00320,13,4,0,0.0,51.6,144.27,11.1,0.231,False,False,0.1225
T00321,14,2,0,0.0,54.8,86.25,6.16,0.214,False,False,0.0212
T00322,16,4,0,0.0,47.2,143.94,9.0,0.125,False,False,0.0891
T00323,11,4,0,0.0,52.1,138.87,12.62,0.091,False,False,0.0966
T00324,16,5,0,0.0,53.8,166.16,10.38,0.25,False,False,0.0613
T00325,14,5,1,0.071,57.6,169.94,12.14,0.071,True,True,-0.059
T00326,18,3,0,0.0,57.1,149.59,8.31,0.278,False,False,0.0336
T00327,13,4,0,0.0,56.9,130.59,10.05,0.077,False,False,0.1325
T00328,18,3,0,0.0,48.2,164.08,9.12,0.111,False,False,0.0097
T00329,13,4,0,0.0,57.8,108.66,8.36,0.385,False,False,0.0403
T00330,16,4,0,0.0,53.8,180.4,11.28,0.062,False,False,0.0929
T00331,12,4,0,0.0,60.8,138.88,11.57,0.167,False,False,0.1142
T00332,13,4,0,0.0,55.7,151.8,11.68,0.077,False,False,0.1224
T00333,16,3,0,0.0,58.8,175.47,10.97,0.062,False,False,0.0846
T00334,12,3,0,0.0,46.6,109.72,9.14,0.25,False,False,0.0827
T00335,15,3,0,0.0,52.1,163.0,10.87,0.2,False,False,0.1184
T00336,15,3,0,0.0,48.5,180.61,12.04,0.0,False,False,0.0492
T00337,14,4,0,0.0,61.6,155.5,11.11,0.143,False,False,0.1214
T00338,17,3,0,0.0,53.7,123.04,7.24,0.176,False,False,0.067
T00339,15,3,0,0.0,53.1,131.89,8.79,0.067,False,False,0.1135
T00340,12,4,0,0.0,68.6,134.05,11.17,0.25,False,False,0.0464
T00341,14,3,0,0.0,58.1,138.57,9.9,0.214,False,False,0.1309
T00342,13,4,0,0.0,56.2,127.6,9.82,0.308,False,False,0.1
T00343,14,3,0,0.0,64.6,116.57,8.33,0.071,True,False,0.0862
T00344,15,3,0,0.0,54.7,133.71,8.91,0.2,False,False,0.1263
T00345,13,3,0,0.0,59.4,133.07,10.24,0.154,False,False,0.1348
T00346,16,3,0,0.0,53.3,211.66,13.23,0.125,False,False,0.0531
T00347,13,4,0,0.0,59.2,162.2,12.48,0.077,False,False,0.1199
T00348,14,2,0,0.0,49.8,108.21,7.73,0.071,False,False,0.0354
T00349,14,4,0,0.0,46.2,134.34,9.6,0.0,False,False,0.061
T00350,16,4,0,0.0,58.1,195.57,12.22,0.188,False,False,0.1018
T00351,15,2,0,0.0,56.9,117.32,7.82,0.267,False,False,0.0457
T00352,10,4,0,0.0,57.1,80.01,8.0,0.0,False,False,0.0114
T00353,13,3,0,0.0,56.8,131.36,10.1,0.231,True,False,0.132
T00354,11,4,0,0.0,54.8,100.0,9.09,0.091,False,False,0.0981
T00355,15,5,2,0.133,55.3,159.09,10.61,0.067,True,True,-0.1089
T00356,15,3,0,0.0,49.9,129.62,8.64,0.133,False,False,0.1098
T00357,15,3,0,0.0,49.2,129.51,8.63,0.333,False,False,0.0641
T00358,13,3,0,0.0,54.1,145.39,11.18,0.0,False,False,0.0973
T00359,16,4,0,0.0,57.1,185.65,11.6,0.125,False,False,0.1057
T00360,13,3,0,0.0,55.6,152.96,11.77,0.077,False,False,0.1176
T00361,12,3,0,0.0,57.2,168.63,14.05,0.083,False,False,0.0808
T00362,14,4,0,0.0,54.2,155.21,11.09,0.143,False,False,0.1301
T00363,12,4,0,0.0,57.1,149.25,12.44,0.167,False,False,0.1202
T00364,17,3,0,0.0,50.6,167.41,9.85,0.176,False,False,0.0745
T00365,15,4,0,0.0,58.9,183.11,12.21,0.133,False,False,0.1148
T00366,13,4,0,0.0,51.2,127.34,9.8,0.0,False,False,0.0972
T00367,11,3,0,0.0,52.8,109.54,9.96,0.091,False,False,0.1052
T00368,13,4,0,0.0,64.5,163.34,12.56,0.077,False,False,0.0927
T00369,14,3,0,0.0,62.5,150.38,10.74,0.143,False,False,0.1208
T00370,13,4,0,0.0,64.8,158.48,12.19,0.0,False,False,0.058
T00371,12,3,0,0.0,57.4,140.88,11.74,0.083,False,False,0.1173
T00372,16,5,0,0.0,53.6,203.65,12.73,0.062,False,False,0.0393
T00373,13,2,0,0.0,70.0,150.9,11.61,0.154,False,False,0.0049
T00374,15,5,0,0.0,53.4,188.72,12.58,0.0,False,False,0.0368
T00375,13,3,0,0.0,48.9,155.87,11.99,0.154,False,False,0.1103
T00376,12,3,0,0.0,60.5,94.59,7.88,0.083,False,False,0.0942
T00377,16,4,0,0.0,58.2,171.13,10.7,0.25,False,False,0.1023
T00378,14,5,0,0.0,52.1,144.79,10.34,0.143,False,False,0.0841
T00379,16,4,0,0.0,52.5,124.95,7.81,0.062,False,False,0.0731
T00380,13,4,0,0.0,56.7,161.69,12.44,0.077,False,False,0.1223
T00381,17,4,0,0.0,60.9,233.24,13.72,0.059,False,True,-0.0044
T00382,12,4,0,0.0,62.2,110.81,9.23,0.167,False,False,0.0955
T00383,16,4,0,0.0,59.4,148.72,9.29,0.125,False,False,0.1072
T00384,13,3,0,0.0,62.1,131.03,10.08,0.231,False,False,0.1197
T00385,14,4,0,0.0,63.0,164.83,11.77,0.0,False,False,0.0823
T00386,13,4,4,0.308,57.6,216.8,16.68,0.231,True,True,-0.2223
T00387,15,4,0,0.0,49.7,168.91,11.26,0.133,False,False,0.1093
T00388,15,3,0,0.0,55.7,141.38,9.43,0.267,False,False,0.1114
T00389,16,4,0,0.0,57.1,216.35,13.52,0.062,False,False,0.0607
T00390,15,4,0,0.0,56.0,156.18,10.41,0.133,False,False,0.127
T00391,13,4,0,0.0,52.2,169.3,13.02,0.0,False,False,0.0886
T00392,13,3,0,0.0,59.6,116.21,8.94,0.154,False,False,0.127
T00393,16,3,0,0.0,49.8,182.65,11.42,0.25,False,False,0.0726
T00394,15,5,0,0.0,58.5,199.73,13.32,0.133,False,False,0.0548
T00395,17,4,0,0.0,54.8,155.42,9.14,0.118,False,False,0.0908
T00396,13,4,0,0.0,53.0,148.74,11.44,0.154,False,False,0.1318
T00397,16,4,0,0.0,57.1,139.06,8.69,0.188,False,False,0.1108
T00398,14,3,0,0.0,56.0,89.92,6.42,0.0,False,False,0.0361
T00399,11,2,0,0.0,53.4,116.54,10.59,0.091,False,False,0.0622
T00400,14,4,0,0.0,47.7,109.26,7.8,0.143,False,False,0.0874
T00401,14,3,0,0.0,59.1,144.58,10.33,0.143,False,False,0.1338
T00402,14,2,0,0.0,69.8,114.39,8.17,0.143,False,True,-0.0042
T00403,13,5,0,0.0,52.5,157.16,12.09,0.077,False,False,0.0809
T00404,15,4,0,0.0,52.3,187.63,12.51,0.2,False,False,0.1135
T00405,12,4,0,0.0,46.8,123.3,10.28,0.167,False,False,0.1036
T00406,14,5,0,0.0,51.9,194.99,13.93,0.214,False,False,0.0529
T00407,15,5,0,0.0,49.4,178.97,11.93,0.067,False,False,0.0568
T00408,11,3,0,0.0,41.2,83.39,7.58,0.091,False,False,0.0043
T00409,14,3,0,0.0,52.7,134.59,9.61,0.286,False,False,0.1078
T00410,13,4,0,0.0,51.9,120.99,9.31,0.231,False,False,0.1154
T00411,15,3,0,0.0,51.5,113.79,7.59,0.067,False,False,0.0865
T00412,12,4,0,0.0,55.1,77.08,6.42,0.0,False,False,0.001
T00413,14,4,0,0.0,59.2,150.24,10.73,0.143,False,False,0.1323
T00414,11,4,0,0.0,57.2,121.62,11.06,0.0,False,False,0.0803
T00415,12,2,0,0.0,46.9,125.61,10.47,0.417,False,True,-0.0357
T00416,14,4,0,0.0,49.4,182.73,13.05,0.071,False,False,0.0927
T00417,11,4,0,0.0,60.2,115.82,10.53,0.0,False,False,0.074
T00418,13,4,0,0.0,49.8,89.31,6.87,0.308,False,False,0.0219
T00419,17,4,0,0.0,55.1,229.1,13.48,0.353,False,True,-0.0315
T00420,14,5,0,0.0,51.2,209.77,14.98,0.214,False,False,0.006
T00421,12,2,0,0.0,58.9,121.71,10.14,0.083,False,False,0.0644
T00422,10,4,0,0.0,58.7,113.46,11.35,0.1,False,False,0.0764
T00423,16,4,0,0.0,64.9,168.41,10.53,0.25,False,False,0.0673
T00424,10,4,0,0.0,59.1,126.16,12.62,0.1,False,False,0.0728
T00425,16,4,0,0.0,56.2,187.61,11.73,0.188,False,False,0.1086
T00426,12,2,0,0.0,59.6,160.66,13.39,0.083,False,False,0.0428
T00427,11,3,0,0.0,69.6,98.36,8.94,0.0,False,True,-0.0007
T00428,11,4,0,0.0,56.3,162.65,14.79,0.091,False,False,0.0605
T00429,13,2,0,0.0,51.8,101.51,7.81,0.231,False,False,0.0549
T00430,14,2,0,0.0,51.3,87.4,6.24,0.143,False,False,0.0217
T00431,11,2,0,0.0,56.9,120.6,10.96,0.0,False,False,0.0291
T00432,17,4,0,0.0,53.1,176.8,10.4,0.235,False,False,0.0838
T00433,13,4,0,0.0,56.7,126.88,9.76,0.154,False,False,0.134
T00434,13,3,0,0.0,63.2,135.76,10.44,0.0,False,False,0.087
T00435,14,4,0,0.0,58.8,111.89,7.99,0.286,False,False,0.0872
T00436,14,4,0,0.0,49.6,131.67,9.4,0.214,False,False,0.1154
T00437,14,3,0,0.0,58.3,134.61,9.62,0.143,False,False,0.131
T00438,16,4,0,0.0,51.1,130.54,8.16,0.25,False,False,0.0868
T00439,13,2,0,0.0,54.7,106.89,8.22,0.231,False,False,0.0728
T00440,10,4,0,0.0,48.6,94.19,9.42,0.0,False,False,0.0212
T00441,13,4,0,0.0,55.3,142.05,10.93,0.077,False,False,0.1325
T00442,16,4,0,0.0,60.6,168.46,10.53,0.25,False,False,0.0982
T00443,13,3,0,0.0,54.6,133.1,10.24,0.154,False,False,0.1395
T00444,17,4,0,0.0,62.0,192.99,11.35,0.176,False,False,0.0773
T00445,12,3,0,0.0,46.6,108.94,9.08,0.25,False,False,0.0818
T00446,14,4,0,0.0,68.6,137.38,9.81,0.071,False,False,0.0649
T00447,15,5,0,0.0,55.8,177.61,11.84,0.067,True,False,0.0758
T00448,13,4,0,0.0,48.0,118.51,9.12,0.231,False,False,0.1017
T00449,12,3,0,0.0,54.0,95.42,7.95,0.167,False,False,0.1061
T00450,13,3,0,0.0,55.4,130.07,10.01,0.231,False,False,0.1313
T00451,14,4,0,0.0,56.3,129.06,9.22,0.0,False,False,0.1016
T00452,14,3,0,0.0,60.9,178.12,12.72,0.143,False,False,0.1016
T00453,14,4,1,0.071,50.1,181.18,12.94,0.071,True,True,-0.0524
T00454,14,2,0,0.0,52.4,108.94,7.78,0.214,False,False,0.0646
T00455,11,3,0,0.0,50.1,88.11,8.01,0.091,False,False,0.0704
T00456,13,4,0,0.0,63.4,137.34,10.56,0.077,False,False,0.1146
T00457,15,6,0,0.0,50.7,215.68,14.38,0.133,False,True,-0.0323
T00458,13,5,2,0.154,57.9,210.73,16.21,0.154,True,True,-0.1533
T00459,13,2,0,0.0,53.9,116.1,8.93,0.462,False,True,-0.0102
T00460,14,4,0,0.0,54.8,102.34,7.31,0.0,False,False,0.0494
T00461,12,4,0,0.0,48.1,148.69,12.39,0.25,False,False,0.0844
T00462,13,2,0,0.0,52.4,161.66,12.44,0.077,False,False,0.0522
T00463,12,3,0,0.0,61.1,133.91,11.16,0.083,False,False,0.1131
T00464,13,3,1,0.077,60.5,133.44,10.26,0.308,True,True,-0.0565
T00465,12,4,2,0.167,53.6,123.51,10.29,0.333,True,True,-0.1252
T00466,11,4,0,0.0,56.5,104.2,9.47,0.182,False,False,0.0954
T00467,12,4,2,0.167,46.5,139.98,11.66,0.083,True,True,-0.1327
T00468,11,2,0,0.0,50.3,81.74,7.43,0.273,False,False,0.0053
T00469,14,5,0,0.0,58.5,136.34,9.74,0.071,False,False,0.0685
T00470,11,3,0,0.0,63.5,129.98,11.82,0.182,False,False,0.0867
T00471,13,2,0,0.0,44.5,91.94,7.07,0.154,False,False,0.0023
T00472,12,3,0,0.0,59.8,138.13,11.51,0.083,False,False,0.1111
T00473,15,4,0,0.0,51.1,186.83,12.46,0.133,False,False,0.1078
T00474,10,4,0,0.0,55.3,126.56,12.66,0.1,False,False,0.0773
T00475,13,4,0,0.0,54.5,154.54,11.89,0.231,False,False,0.1198
T00476,12,4,0,0.0,51.9,153.57,12.8,0.167,False,False,0.1119
T00477,12,4,0,0.0,53.5,131.75,10.98,0.0,False,False,0.0984
T00478,14,3,0,0.0,52.8,155.06,11.08,0.143,False,False,0.125
T00479,9,3,0,0.0,54.7,49.73,5.53,0.333,False,True,-0.0914
T00480,13,3,0,0.0,54.9,128.65,9.9,0.154,False,False,0.1383
T00481,16,3,0,0.0,44.4,155.36,9.71,0.188,False,False,0.0589
T00482,15,3,0,0.0,56.1,129.11,8.61,0.2,False,False,0.1252
T00483,15,4,0,0.0,50.9,193.46,12.9,0.2,False,False,0.1047
T00484,15,4,0,0.0,49.5,119.26,7.95,0.067,False,False,0.0863
T00485,12,4,0,0.0,57.8,166.11,13.84,0.083,False,False,0.0962
T00486,15,4,0,0.0,55.5,205.82,13.72,0.267,False,False,0.0635
T00487,9,4,0,0.0,52.1,130.22,14.47,0.111,False,False,0.0145
T00488,17,3,0,0.0,58.3,221.85,13.05,0.235,False,False,0.0146
T00489,12,3,0,0.0,56.0,76.61,6.38,0.0,False,False,0.0203
T00490,13,3,0,0.0,54.0,130.44,10.03,0.077,False,False,0.1301
T00491,15,3,0,0.0,58.8,147.3,9.82,0.2,False,False,0.1255
T00492,18,4,0,0.0,53.0,218.19,12.12,0.167,False,False,0.027
T00493,11,3,0,0.0,60.7,97.59,8.87,0.273,False,False,0.0735
T00494,14,4,0,0.0,52.1,220.13,15.72,0.143,False,False,0.0186
T00495,18,4,0,0.0,54.8,213.7,11.87,0.111,False,False,0.0327
T00496,12,3,0,0.0,58.4,109.68,9.14,0.083,False,False,0.1136
T00497,16,2,0,0.0,52.5,136.04,8.5,0.25,False,False,0.0444
T00498,16,5,0,0.0,54.8,197.76,12.36,0.188,False,False,0.0552
T00499,12,3,0,0.0,55.1,145.61,12.13,0.167,False,False,0.1184
T00500,15,3,0,0.0,59.4,106.91,7.13,0.2,False,False,0.0868
T00501,13,3,0,0.0,45.6,159.69,12.28,0.0,False,False,0.0443
T00502,16,4,0,0.0,55.2,176.59,11.04,0.125,False,False,0.111
T00503,12,2,0,0.0,48.2,132.98,11.08,0.167,False,False,0.0512
T00504,15,4,0,0.0,57.1,131.29,8.75,0.267,False,False,0.1083
T00505,12,4,0,0.0,58.1,108.23,9.02,0.167,False,False,0.1097
T00506,17,4,0,0.0,54.2,190.38,11.2,0.118,False,False,0.0859
T00507,13,3,0,0.0,60.5,110.8,8.52,0.231,False,False,0.1132
T00508,10,4,0,0.0,54.7,90.82,9.08,0.0,False,False,0.036
T00509,11,2,0,0.0,49.5,94.65,8.6,0.182,False,False,0.042
T00510,14,4,0,0.0,50.8,148.72,10.62,0.214,False,False,0.1237
T00511,15,4,0,0.0,47.7,148.4,9.89,0.067,False,False,0.0991
T00512,14,3,0,0.0,46.5,111.06,7.93,0.143,False,False,0.0871
T00513,14,5,0,0.0,52.6,148.4,10.6,0.143,False,False,0.0858
T00514,14,4,0,0.0,52.6,126.15,9.01,0.071,False,False,0.1208
T00515,16,5,0,0.0,58.6,189.96,11.87,0.125,False,False,0.0581
T00516,15,4,2,0.133,59.0,167.61,11.17,0.267,True,True,-0.0962
T00517,16,3,0,0.0,63.4,179.46,11.22,0.188,False,False,0.0769
T00518,13,5,0,0.0,57.1,118.28,9.1,0.154,False,False,0.0684
T00519,17,6,0,0.0,58.1,240.38,14.14,0.059,False,True,-0.0889
T00520,12,3,0,0.0,60.3,151.38,12.62,0.25,False,False,0.0916
T00521,10,3,0,0.0,68.4,97.62,9.76,0.1,False,False,0.0174
T00522,13,4,0,0.0,58.8,145.59,11.2,0.154,False,False,0.1328
T00523,14,3,0,0.0,46.3,115.33,8.24,0.214,False,False,0.0865
T00524,14,4,0,0.0,56.0,161.83,11.56,0.214,True,False,0.1256
T00525,13,4,0,0.0,64.7,140.56,10.81,0.308,False,False,0.0624
T00526,14,5,0,0.0,51.2,195.49,13.96,0.143,False,False,0.0595
T00527,12,3,0,0.0,53.3,104.34,8.7,0.333,False,False,0.0702
T00528,15,5,0,0.0,50.5,201.75,13.45,0.067,False,False,0.0408
T00529,17,5,1,0.059,58.9,160.67,9.45,0.118,True,True,-0.0899
T00530,12,3,0,0.0,57.2,127.85,10.65,0.083,False,False,0.1229
T00531,14,4,2,0.143,57.3,173.62,12.4,0.0,True,True,-0.1038
T00532,17,3,0,0.0,51.6,175.13,10.3,0.235,False,False,0.069
T00533,13,4,0,0.0,64.8,108.31,8.33,0.077,False,False,0.0834
T00534,14,4,0,0.0,56.5,214.34,15.31,0.143,False,False,0.0361
T00535,12,2,0,0.0,51.5,110.68,9.22,0.333,False,False,0.0203
T00536,11,4,2,0.182,55.9,85.46,7.77,0.091,True,True,-0.1364
T00537,12,3,0,0.0,49.7,126.81,10.57,0.083,False,False,0.1096
T00538,16,4,0,0.0,53.3,153.08,9.57,0.062,False,False,0.0945
T00539,15,6,0,0.0,58.3,237.52,15.83,0.133,False,True,-0.0911
T00540,13,3,0,0.0,52.2,121.9,9.38,0.154,False,False,0.1283
T00541,11,2,0,0.0,51.1,78.77,7.16,0.091,False,False,0.0095
T00542,13,3,0,0.0,62.7,127.78,9.83,0.231,False,False,0.1165
T00543,12,3,0,0.0,46.6,136.81,11.4,0.333,False,False,0.0387
T00544,15,5,0,0.0,61.7,162.23,10.82,0.067,False,False,0.0652
T00545,16,4,0,0.0,62.1,154.9,9.68,0.25,False,False,0.0883
T00546,13,3,0,0.0,54.3,148.35,11.41,0.0,False,False,0.0959
T00547,13,4,0,0.0,50.8,147.59,11.35,0.077,False,False,0.118
T00548,14,5,0,0.0,53.9,147.39,10.53,0.071,False,False,0.0835
T00549,10,3,0,0.0,51.2,119.09,11.91,0.1,False,False,0.0762
T00550,17,4,0,0.0,60.0,199.21,11.72,0.176,False,False,0.0749
T00551,12,3,0,0.0,50.8,159.25,13.27,0.083,False,False,0.0915
T00552,17,3,0,0.0,47.8,127.25,7.49,0.235,False,False,0.0448
T00553,10,4,0,0.0,51.2,121.11,12.11,0.0,False,False,0.0508
T00554,9,3,0,0.0,78.2,110.79,12.31,0.222,False,True,-0.0482
T00555,16,5,0,0.0,51.2,199.06,12.44,0.25,False,False,0.0353
T00556,12,4,0,0.0,47.1,116.7,9.72,0.083,False,False,0.0946
T00557,13,3,0,0.0,42.9,120.55,9.27,0.077,False,False,0.0683
T00558,11,4,0,0.0,51.5,103.37,9.4,0.091,False,False,0.093
T00559,16,4,0,0.0,50.1,161.15,10.07,0.25,False,False,0.0957
T00560,12,4,0,0.0,59.1,122.78,10.23,0.083,False,False,0.1185
T00561,14,4,0,0.0,54.4,212.73,15.19,0.143,False,False,0.0451
T00562,16,4,0,0.0,59.7,163.39,10.21,0.25,False,False,0.1021
T00563,15,3,0,0.0,52.4,135.23,9.02,0.267,False,False,0.1092
T00564,11,3,0,0.0,61.0,158.26,14.39,0.273,True,False,0.0274
T00565,15,3,0,0.0,50.5,149.06,9.94,0.133,True,False,0.1193
T00566,15,3,1,0.067,45.1,137.41,9.16,0.2,True,True,-0.0594
T00567,15,3,0,0.0,52.1,118.75,7.92,0.333,False,False,0.0645
T00568,16,4,0,0.0,55.6,180.16,11.26,0.125,False,False,0.1095
T00569,13,5,0,0.0,53.9,153.01,11.77,0.154,False,False,0.0845
T00570,11,3,0,0.0,56.5,112.85,10.26,0.0,False,False,0.0825
T00571,15,3,0,0.0,51.8,150.8,10.05,0.333,False,False,0.0739
T00572,13,3,0,0.0,59.5,142.81,10.99,0.231,False,False,0.1234
T00573,12,4,0,0.0,54.6,122.4,10.2,0.167,False,False,0.1251
T00574,17,3,0,0.0,52.0,128.67,7.57,0.294,False,False,0.0458
T00575,11,3,0,0.0,58.6,93.78,8.53,0.091,False,False,0.0947
T00576,13,5,0,0.0,59.6,179.73,13.83,0.231,False,False,0.0508
T00577,12,4,0,0.0,58.2,94.36,7.86,0.25,True,False,0.0796
T00578,16,3,0,0.0,52.9,170.23,10.64,0.312,False,False,0.063
T00579,14,4,0,0.0,54.7,152.63,10.9,0.214,False,False,0.1271
T00580,15,4,0,0.0,55.7,130.7,8.71,0.0,True,False,0.0909
T00581,13,3,0,0.0,47.8,120.46,9.27,0.154,False,False,0.1142
T00582,14,3,0,0.0,48.3,102.01,7.29,0.286,False,False,0.0637
T00583,16,4,0,0.0,62.2,178.96,11.19,0.188,False,False,0.098
T00584,17,4,0,0.0,47.9,212.17,12.48,0.059,False,False,0.0184
T00585,15,5,0,0.0,49.0,159.53,10.64,0.267,False,False,0.0545
T00586,12,2,0,0.0,59.0,85.36,7.11,0.167,False,False,0.0416
T00587,13,2,0,0.0,52.3,100.78,7.75,0.154,False,False,0.0694
T00588,14,4,0,0.0,51.5,155.09,11.08,0.214,False,False,0.1216
T00589,13,3,0,0.0,54.6,149.27,11.48,0.231,False,False,0.122
T00590,15,4,0,0.0,59.7,170.2,11.35,0.133,False,False,0.1177
T00591,9,4,1,0.111,57.0,117.74,13.08,0.222,True,True,-0.106
T00592,13,4,1,0.077,53.9,167.77,12.91,0.154,True,True,-0.0394
T00593,15,2,0,0.0,65.0,119.96,8.0,0.267,False,False,0.0073
T00594,13,4,0,0.0,51.9,137.41,10.57,0.0,False,False,0.1043
T00595,15,3,0,0.0,64.4,152.23,10.15,0.133,False,False,0.0966
T00596,16,3,0,0.0,57.4,155.26,9.7,0.188,False,False,0.1074
T00597,13,4,0,0.0,58.1,173.55,13.35,0.0,False,False,0.0825
T00598,11,3,0,0.0,52.1,169.16,15.38,0.364,False,True,-0.0355
T00599,11,4,0,0.0,61.4,120.42,10.95,0.091,False,False,0.0994
T00600,14,3,0,0.0,47.8,147.12,10.51,0.143,False,False,0.1139
T00601,16,3,0,0.0,49.7,185.96,11.62,0.25,False,False,0.0697
T00602,16,6,0,0.0,51.9,215.25,13.45,0.062,False,True,-0.0315
T00603,16,4,0,0.0,48.4,137.67,8.6,0.25,False,False,0.0846
T00604,13,3,0,0.0,57.6,136.07,10.47,0.308,False,False,0.1013
T00605,12,2,0,0.0,54.1,79.75,6.65,0.25,False,False,0.0179
T00606,15,4,0,0.0,54.1,148.74,9.92,0.133,False,False,0.128
T00607,13,5,0,0.0,57.8,177.26,13.64,0.0,False,False,0.0353
T00608,12,3,0,0.0,58.5,97.4,8.12,0.083,False,False,0.1043
T00609,13,4,0,0.0,55.8,185.53,14.27,0.231,False,False,0.0835
T00610,14,4,0,0.0,51.6,131.15,9.37,0.214,False,False,0.1214
T00611,15,5,4,0.267,61.4,144.37,9.62,0.267,True,True,-0.2002
T00612,14,3,0,0.0,57.0,83.74,5.98,0.286,False,False,0.036
T00613,14,4,0,0.0,60.1,182.44,13.03,0.214,False,False,0.1097
T00614,12,4,0,0.0,61.2,130.59,10.88,0.167,False,False,0.1181
T00615,13,5,0,0.0,63.1,159.11,12.24,0.077,False,False,0.059
T00616,9,3,0,0.0,47.8,93.4,10.38,0.0,False,True,-0.0017
T00617,11,3,0,0.0,47.9,124.59,11.33,0.273,False,False,0.0707
T00618,14,4,0,0.0,50.2,114.6,8.19,0.071,False,False,0.0993
T00619,14,4,0,0.0,49.8,139.37,9.96,0.214,False,False,0.1221
T00620,9,3,0,0.0,52.8,82.06,9.12,0.222,False,False,0.0175
T00621,11,2,0,0.0,42.7,89.71,8.16,0.182,False,True,-0.0084
T00622,11,3,0,0.0,49.3,104.68,9.52,0.0,False,False,0.0619
T00623,14,4,0,0.0,55.9,152.85,10.92,0.143,False,False,0.1328
T00624,13,3,0,0.0,52.2,165.86,12.76,0.077,False,False,0.1073
T00625,17,4,0,0.0,41.5,137.2,8.07,0.294,False,True,-0.0042
T00626,13,4,0,0.0,55.9,158.89,12.22,0.077,False,False,0.1229
T00627,10,3,0,0.0,45.3,129.64,12.96,0.2,False,False,0.0332
T00628,15,4,0,0.0,60.2,140.84,9.39,0.067,False,False,0.1143
T00629,11,3,0,0.0,52.2,102.72,9.34,0.091,False,False,0.1012
T00630,13,2,0,0.0,45.8,85.96,6.61,0.385,False,True,-0.0671
T00631,15,5,1,0.067,47.3,197.4,13.16,0.067,True,True,-0.0885
T00632,16,5,0,0.0,51.1,199.04,12.44,0.062,False,False,0.0393
T00633,15,3,0,0.0,55.3,181.17,12.08,0.2,False,False,0.1053
T00634,12,5,0,0.0,54.3,180.02,15.0,0.167,False,False,0.0258
T00635,13,4,0,0.0,49.0,76.44,5.88,0.077,False,False,0.0052
T00636,9,5,0,0.0,61.3,148.87,16.54,0.111,False,True,-0.0789
T00637,11,3,0,0.0,49.9,89.03,8.09,0.0,False,False,0.0406
T00638,12,4,0,0.0,58.6,149.59,12.47,0.083,False,False,0.115
T00639,15,4,0,0.0,63.7,151.47,10.1,0.133,False,False,0.1124
T00640,9,3,0,0.0,59.0,87.25,9.69,0.111,False,False,0.0304
T00641,9,3,0,0.0,39.3,88.03,9.78,0.111,False,True,-0.0311
T00642,16,5,0,0.0,52.9,165.18,10.32,0.062,False,False,0.0576
T00643,12,3,0,0.0,63.8,98.9,8.24,0.0,False,False,0.0574
T00644,13,3,0,0.0,58.7,95.95,7.38,0.154,False,False,0.1025
T00645,15,5,0,0.0,55.1,212.25,14.15,0.0,False,False,0.0
T00646,18,4,0,0.0,58.2,170.33,9.46,0.167,False,False,0.05
T00647,15,3,0,0.0,59.0,174.75,11.65,0.067,False,False,0.0984
T00648,12,3,0,0.0,46.0,90.11,7.51,0.083,False,False,0.0412
T00649,11,4,0,0.0,50.1,100.47,9.13,0.182,False,False,0.0838
T00650,17,4,0,0.0,58.8,198.58,11.68,0.059,False,False,0.0573
T00651,13,3,0,0.0,50.2,140.71,10.82,0.231,True,False,0.1207
T00652,14,3,0,0.0,45.1,93.0,6.64,0.071,False,False,0.0253
T00653,12,4,0,0.0,54.0,134.16,11.18,0.0,False,False,0.0967
T00654,16,4,0,0.0,55.2,132.22,8.26,0.188,False,False,0.105
T00655,12,3,0,0.0,53.3,93.53,7.79,0.25,True,False,0.091
T00656,15,4,0,0.0,54.9,228.55,15.24,0.133,False,False,0.0149
T00657,12,3,0,0.0,65.1,140.98,11.75,0.0,False,False,0.0529
T00658,13,4,0,0.0,50.9,123.74,9.52,0.077,False,False,0.1151
T00659,13,3,0,0.0,49.9,147.05,11.31,0.308,False,False,0.0793
T00660,13,4,0,0.0,56.5,145.01,11.15,0.0,False,False,0.1059
T00661,12,3,0,0.0,51.7,121.51,10.13,0.083,True,False,0.118
T00662,15,3,0,0.0,50.0,120.71,8.05,0.2,False,False,0.0999
T00663,16,4,0,0.0,52.4,194.57,12.16,0.312,False,False,0.0625
T00664,15,4,0,0.0,57.7,109.73,7.32,0.333,False,False,0.0381
T00665,13,4,0,0.0,52.3,171.24,13.17,0.0,False,False,0.0854
T00666,16,4,0,0.0,56.1,154.13,9.63,0.188,False,False,0.1105
T00667,12,4,0,0.0,52.0,165.88,13.82,0.167,False,False,0.0962
T00668,15,5,0,0.0,50.7,198.5,13.23,0.133,False,False,0.0537
T00669,13,3,0,0.0,56.3,134.1,10.32,0.154,False,False,0.1397
T00670,13,3,0,0.0,56.2,159.0,12.23,0.154,False,False,0.1251
T00671,13,4,0,0.0,49.2,139.64,10.74,0.077,False,False,0.115
T00672,17,4,0,0.0,51.7,158.04,9.3,0.059,False,False,0.0671
T00673,14,3,0,0.0,53.6,135.0,9.64,0.143,False,False,0.1318
T00674,16,4,4,0.25,60.1,155.25,9.7,0.188,True,True,-0.1808
T00675,13,3,0,0.0,58.6,123.28,9.48,0.077,False,False,0.1223
T00676,13,4,0,0.0,53.8,102.83,7.91,0.154,False,False,0.1049
T00677,16,3,0,0.0,45.9,185.75,11.61,0.125,False,False,0.0535
T00678,18,4,1,0.056,51.3,156.86,8.71,0.167,True,True,-0.0829
T00679,13,4,0,0.0,47.1,141.98,10.92,0.154,False,False,0.117
T00680,17,3,0,0.0,53.8,214.06,12.59,0.176,False,False,0.0422
T00681,13,5,3,0.231,49.0,167.2,12.86,0.154,True,True,-0.166
T00682,11,2,0,0.0,61.5,103.95,9.45,0.182,False,False,0.0464
T00683,12,4,0,0.0,55.5,134.04,11.17,0.167,False,False,0.1244
T00684,14,3,0,0.0,62.9,123.16,8.8,0.143,False,False,0.1149
T00685,14,4,0,0.0,53.7,144.39,10.31,0.214,False,False,0.1314
T00686,15,4,0,0.0,42.1,113.17,7.54,0.133,False,False,0.0377
T00687,15,4,0,0.0,55.3,162.07,10.8,0.2,False,False,0.1271
T00688,12,4,0,0.0,59.4,124.18,10.35,0.0,False,False,0.0908
T00689,10,3,0,0.0,46.8,107.93,10.79,0.2,False,False,0.0618
T00690,13,3,0,0.0,57.2,135.59,10.43,0.154,False,False,0.1376
T00691,17,5,0,0.0,55.1,158.19,9.31,0.176,False,False,0.0411
T00692,13,4,0,0.0,54.5,158.18,12.17,0.077,False,False,0.1227
T00693,13,4,0,0.0,49.8,149.13,11.47,0.231,False,False,0.1134
T00694,14,3,0,0.0,54.4,158.04,11.29,0.214,False,False,0.1216
T00695,11,4,2,0.182,59.4,178.91,16.26,0.182,True,True,-0.1534
T00696,18,4,0,0.0,52.2,246.44,13.69,0.278,False,True,-0.0396
T00697,13,4,0,0.0,48.2,171.89,13.22,0.154,False,False,0.099
T00698,14,3,0,0.0,65.4,126.42,9.03,0.214,False,False,0.0896
T00699,14,4,0,0.0,55.6,133.82,9.56,0.071,False,False,0.1261
T00700,16,3,0,0.0,56.1,133.28,8.33,0.188,False,False,0.1058
T00701,12,4,0,0.0,57.3,128.43,10.7,0.167,False,False,0.1265
T00702,12,4,0,0.0,55.9,110.01,9.17,0.167,False,False,0.1114
T00703,16,5,0,0.0,52.2,165.75,10.36,0.188,False,False,0.0693
T00704,16,4,0,0.0,64.1,165.36,10.33,0.125,False,False,0.0881
T00705,16,3,0,0.0,56.5,141.88,8.87,0.25,False,False,0.1007
T00706,13,2,0,0.0,67.3,81.44,6.26,0.154,False,True,-0.0311
T00707,16,2,0,0.0,56.5,139.92,8.74,0.188,False,False,0.0571
T00708,10,3,0,0.0,51.6,92.9,9.29,0.0,False,False,0.0455
T00709,14,5,0,0.0,66.7,143.14,10.22,0.214,False,False,0.0314
T00710,14,4,0,0.0,50.3,131.57,9.4,0.143,False,False,0.1207
T00711,11,4,0,0.0,64.4,114.12,10.37,0.0,False,False,0.0564
T00712,14,3,0,0.0,54.3,120.63,8.62,0.214,False,False,0.1262
T00713,14,2,0,0.0,59.4,78.31,5.59,0.214,False,True,-0.0072
T00714,13,4,0,0.0,51.1,155.54,11.96,0.154,False,False,0.1234
T00715,13,4,0,0.0,50.1,116.56,8.97,0.077,False,False,0.1092
T00716,12,5,0,0.0,54.9,145.22,12.1,0.25,False,False,0.0558
T00717,14,4,0,0.0,54.6,181.33,12.95,0.214,False,False,0.1156
T00718,16,3,0,0.0,51.0,165.52,10.35,0.25,False,False,0.0929
T00719,14,2,0,0.0,56.4,119.78,8.56,0.143,False,False,0.0801
T00720,11,2,0,0.0,55.5,103.01,9.36,0.091,False,False,0.056
T00721,11,3,0,0.0,45.1,124.08,11.28,0.273,False,False,0.0486
T00722,11,2,0,0.0,51.5,78.36,7.12,0.364,False,True,-0.0321
T00723,11,3,0,0.0,52.9,103.78,9.43,0.182,False,False,0.1048
T00724,14,3,0,0.0,59.2,153.3,10.95,0.214,False,False,0.1209
T00725,10,3,0,0.0,66.1,126.64,12.66,0.2,False,False,0.0256
T00726,15,4,0,0.0,58.1,140.02,9.33,0.2,False,False,0.1233
T00727,11,4,0,0.0,62.5,90.32,8.21,0.091,False,False,0.0708
T00728,11,4,0,0.0,55.8,122.59,11.14,0.091,False,False,0.1082
T00729,11,4,0,0.0,61.8,89.23,8.11,0.091,False,False,0.0706
T00730,9,3,0,0.0,52.3,84.06,9.34,0.222,False,False,0.0188
T00731,10,4,0,0.0,55.6,113.6,11.36,0.0,False,False,0.0574
T00732,17,4,0,0.0,40.9,172.19,10.13,0.118,False,False,0.0206
T00733,13,3,0,0.0,41.1,162.58,12.51,0.077,False,False,0.0407
T00734,15,3,0,0.0,55.5,149.97,10.0,0.2,False,False,0.1272
T00735,15,3,0,0.0,58.8,141.12,9.41,0.267,False,False,0.1092
T00736,14,3,0,0.0,48.4,75.17,5.37,0.071,False,False,0.0008
T00737,15,2,0,0.0,50.8,179.55,11.97,0.133,False,False,0.0376
T00738,13,3,0,0.0,56.2,123.73,9.52,0.077,False,False,0.1239
T00739,12,4,0,0.0,53.1,125.01,10.42,0.167,False,False,0.1259
T00740,13,3,0,0.0,51.9,139.64,10.74,0.154,False,False,0.1339
T00741,14,4,0,0.0,62.3,150.81,10.77,0.071,False,False,0.1168
T00742,13,2,0,0.0,58.1,106.3,8.18,0.231,False,False,0.0695
T00743,12,3,0,0.0,49.4,144.07,12.01,0.083,False,False,0.099
T00744,12,4,0,0.0,49.2,114.92,9.58,0.167,False,False,0.1022
T00745,14,3,0,0.0,53.2,139.28,9.95,0.214,False,False,0.1325
T00746,13,3,4,0.308,49.7,102.05,7.85,0.231,True,True,-0.2069
T00747,10,3,0,0.0,64.3,101.34,10.13,0.1,False,False,0.0576
T00748,16,4,1,0.062,57.0,224.32,14.02,0.125,True,True,-0.0804
T00749,14,5,3,0.214,55.9,208.22,14.87,0.286,True,True,-0.1916
T00750,12,3,0,0.0,65.7,138.7,11.56,0.167,False,False,0.0776
T00751,16,3,0,0.0,58.1,159.62,9.98,0.25,False,False,0.0975
T00752,14,4,0,0.0,46.6,197.18,14.08,0.071,False,False,0.0492
T00753,15,5,0,0.0,54.3,177.51,11.83,0.0,False,False,0.0488
T00754,15,3,0,0.0,57.7,78.12,5.21,0.2,False,False,0.0239
T00755,10,3,0,0.0,56.3,106.58,10.66,0.2,False,False,0.0866
T00756,14,3,0,0.0,48.3,126.07,9.0,0.0,False,False,0.079
T00757,11,2,0,0.0,54.5,95.5,8.68,0.364,False,True,-0.0008
T00758,15,4,0,0.0,57.7,148.99,9.93,0.133,False,False,0.1288
T00759,14,3,0,0.0,57.5,122.03,8.72,0.286,False,False,0.1053
T00760,13,4,0,0.0,51.7,189.31,14.56,0.077,True,False,0.0751
T00761,15,3,0,0.0,52.2,148.27,9.88,0.267,False,False,0.1103
T00762,15,3,0,0.0,63.0,190.62,12.71,0.133,False,False,0.0746
T00763,13,3,0,0.0,39.7,98.6,7.58,0.154,False,False,0.0339
T00764,13,4,0,0.0,52.4,161.79,12.45,0.154,False,False,0.1271
T00765,12,4,0,0.0,52.8,117.47,9.79,0.25,False,False,0.1088
T00766,14,3,0,0.0,43.8,165.51,11.82,0.143,False,False,0.0722
T00767,13,3,0,0.0,52.5,85.57,6.58,0.077,False,False,0.06
T00768,14,4,0,0.0,49.6,130.81,9.34,0.071,False,False,0.1122
T00769,12,3,0,0.0,58.5,146.78,12.23,0.25,False,False,0.1021
T00770,13,4,0,0.0,67.0,118.28,9.1,0.308,False,False,0.0422
T00771,13,5,0,0.0,57.5,165.61,12.74,0.231,False,False,0.0707
T00772,12,3,0,0.0,46.8,112.31,9.36,0.167,False,False,0.0967
T00773,13,5,0,0.0,46.5,136.31,10.49,0.154,False,False,0.0555
T00774,17,4,0,0.0,64.6,211.89,12.46,0.353,False,True,-0.027
T00775,16,3,0,0.0,67.0,158.89,9.93,0.125,False,False,0.0475
T00776,10,2,0,0.0,51.1,108.77,10.88,0.3,False,True,-0.0051
T00777,14,3,0,0.0,42.6,197.3,14.09,0.214,False,False,0.0084
T00778,16,4,0,0.0,49.7,196.79,12.3,0.188,False,False,0.0829
T00779,11,3,0,0.0,52.9,94.7,8.61,0.182,False,False,0.0992
T00780,12,3,0,0.0,58.3,103.95,8.66,0.083,False,False,0.1111
T00781,12,5,0,0.0,53.8,145.77,12.15,0.083,False,False,0.0697
T00782,11,4,0,0.0,56.7,167.57,15.23,0.182,False,False,0.0399
T00783,11,3,0,0.0,58.5,195.94,17.81,0.273,False,True,-0.0468
T00784,10,4,0,0.0,70.7,124.18,12.42,0.3,False,True,-0.0425
T00785,11,3,4,0.364,52.4,144.71,13.16,0.182,True,True,-0.2118
T00786,16,4,0,0.0,48.6,130.3,8.14,0.25,False,False,0.0778
T00787,13,3,0,0.0,56.3,140.99,10.85,0.154,False,False,0.1369
T00788,13,4,0,0.0,60.2,126.06,9.7,0.154,False,False,0.1289
T00789,16,4,0,0.0,53.4,142.52,8.91,0.375,False,False,0.0427
T00790,15,2,0,0.0,49.9,151.07,10.07,0.2,False,False,0.0573
T00791,13,4,0,0.0,50.7,140.64,10.82,0.231,False,False,0.123
T00792,14,3,0,0.0,54.1,122.98,8.78,0.071,False,False,0.1208
T00793,15,4,0,0.0,58.7,143.65,9.58,0.133,False,False,0.126
T00794,13,3,0,0.0,43.0,133.76,10.29,0.231,False,False,0.0732
T00795,11,4,0,0.0,55.4,165.86,15.08,0.0,False,False,0.0249
T00796,14,4,0,0.0,46.2,192.82,13.77,0.143,False,False,0.0676
T00797,18,4,0,0.0,56.3,206.67,11.48,0.222,True,False,0.0354
T00798,11,2,0,0.0,56.6,98.43,8.95,0.182,False,False,0.0628
T00799,13,3,0,0.0,60.7,82.68,6.36,0.385,False,True,-0.0124
T00800,11,3,2,0.182,51.5,114.84,10.44,0.182,True,True,-0.1272
T00801,13,4,0,0.0,60.9,127.81,9.83,0.0,False,False,0.1003
T00802,14,4,0,0.0,60.4,123.8,8.84,0.214,False,False,0.1177
T00803,16,4,0,0.0,63.1,185.14,11.57,0.188,False,False,0.088
T00804,16,4,0,0.0,57.9,148.85,9.3,0.25,False,False,0.1002
T00805,13,4,0,0.0,60.3,135.81,10.45,0.231,False,False,0.1237
T00806,12,3,0,0.0,55.6,127.07,10.59,0.0,False,False,0.0996
T00807,13,2,3,0.231,59.2,94.26,7.25,0.154,True,True,-0.1829
T00808,16,3,0,0.0,61.9,148.87,9.3,0.25,False,False,0.0871
T00809,18,5,0,0.0,57.8,227.84,12.66,0.167,False,True,-0.0199
T00810,13,4,0,0.0,53.2,158.66,12.2,0.077,True,False,0.1233
T00811,9,3,0,0.0,58.1,121.15,13.46,0.0,False,False,0.0109
T00812,14,4,0,0.0,53.1,179.98,12.86,0.357,False,False,0.0515
T00813,16,6,2,0.125,53.9,155.15,9.7,0.062,True,True,-0.1497
T00814,16,5,0,0.0,62.5,194.41,12.15,0.062,False,False,0.0279
T00815,15,6,0,0.0,46.8,196.89,13.13,0.2,False,True,-0.0208
T00816,11,2,0,0.0,55.9,98.65,8.97,0.364,False,False,0.0019
T00817,13,3,0,0.0,57.9,174.99,13.46,0.077,False,False,0.0967
T00818,17,4,0,0.0,47.9,148.39,8.73,0.118,False,False,0.0679
T00819,12,3,0,0.0,54.1,127.13,10.59,0.083,False,False,0.1222
T00820,12,3,0,0.0,52.0,112.97,9.41,0.167,False,False,0.1179
T00821,17,4,0,0.0,53.2,199.64,11.74,0.118,False,False,0.0756
T00822,13,3,0,0.0,47.0,116.9,8.99,0.077,False,False,0.093
T00823,10,4,0,0.0,60.6,135.85,13.58,0.3,False,False,0.0229
T00824,11,3,0,0.0,53.2,88.21,8.02,0.182,False,False,0.0875
T00825,15,4,0,0.0,63.9,199.6,13.31,0.133,False,False,0.0738
T00826,15,3,0,0.0,54.5,179.49,11.97,0.267,False,False,0.0923
T00827,15,4,0,0.0,60.6,202.34,13.49,0.133,False,False,0.0898
T00828,17,5,1,0.059,52.9,193.7,11.39,0.0,True,True,-0.1117
T00829,13,4,0,0.0,54.5,143.27,11.02,0.0,False,False,0.1067
T00830,11,4,0,0.0,46.1,111.12,10.1,0.182,False,False,0.0693
T00831,13,4,0,0.0,62.1,181.69,13.98,0.154,False,False,0.0882
T00832,14,4,0,0.0,54.2,138.08,9.86,0.0,False,False,0.1024
T00833,17,5,0,0.0,57.9,162.14,9.54,0.118,False,False,0.0359
T00834,12,3,0,0.0,67.0,141.57,11.8,0.083,False,False,0.0594
T00835,15,4,0,0.0,50.7,195.92,13.06,0.2,False,False,0.0967
T00836,12,3,0,0.0,58.7,162.69,13.56,0.167,False,False,0.0975
T00837,16,4,0,0.0,52.4,184.5,11.53,0.312,False,False,0.0668
T00838,11,4,0,0.0,55.3,99.89,9.08,0.0,False,False,0.0695
T00839,16,4,0,0.0,57.3,158.53,9.91,0.188,False,False,0.113
T00840,16,4,0,0.0,49.3,187.96,11.75,0.25,False,False,0.0825
T00841,10,4,0,0.0,51.4,125.98,12.6,0.3,False,False,0.0294
T00842,11,4,0,0.0,52.4,132.63,12.06,0.0,False,False,0.0773
T00843,10,3,0,0.0,63.6,101.61,10.16,0.2,False,False,0.0651
T00844,11,2,0,0.0,59.4,96.87,8.81,0.455,False,True,-0.0457
T00845,13,3,0,0.0,56.8,97.03,7.46,0.154,False,False,0.1082
T00846,13,5,0,0.0,61.5,172.64,13.28,0.231,False,False,0.0531
T00847,15,4,0,0.0,57.2,214.57,14.3,0.133,False,False,0.0629
T00848,11,3,0,0.0,65.0,101.67,9.24,0.182,False,False,0.0644
T00849,12,4,0,0.0,61.9,127.03,10.59,0.25,False,False,0.1003
T00850,10,3,0,0.0,54.8,123.73,12.37,0.0,False,False,0.0532
T00851,11,3,0,0.0,51.4,124.68,11.33,0.182,False,False,0.1029
T00852,12,3,0,0.0,60.6,137.93,11.49,0.167,False,False,0.1145
T00853,15,4,0,0.0,58.4,123.92,8.26,0.067,False,False,0.1058
T00854,10,2,0,0.0,45.8,129.09,12.91,0.1,False,True,-0.0125
T00855,16,4,0,0.0,48.7,173.0,10.81,0.188,False,False,0.0963
T00856,13,2,0,0.0,58.9,79.33,6.1,0.0,True,True,-0.0244
T00857,11,5,2,0.182,55.9,187.57,17.05,0.091,True,True,-0.1714
T00858,15,3,0,0.0,55.5,121.7,8.11,0.2,False,False,0.1153
T00859,16,4,0,0.0,60.8,194.21,12.14,0.125,False,False,0.0918
T00860,11,4,0,0.0,47.5,137.28,12.48,0.182,False,False,0.0777
T00861,13,3,0,0.0,48.2,126.65,9.74,0.308,False,False,0.0818
T00862,12,4,0,0.0,44.5,135.0,11.25,0.167,False,False,0.0741
T00863,15,4,0,0.0,55.9,189.5,12.63,0.2,False,False,0.1126
T00864,12,2,0,0.0,56.7,92.67,7.72,0.083,False,False,0.0492
T00865,14,3,0,0.0,50.2,85.97,6.14,0.143,False,False,0.0497
T00866,14,5,0,0.0,52.2,197.47,14.11,0.143,False,False,0.0496
T00867,15,4,0,0.0,51.9,139.96,9.33,0.2,False,False,0.1196
T00868,14,3,0,0.0,56.4,152.08,10.86,0.0,False,False,0.0972
T00869,14,3,0,0.0,56.6,131.0,9.36,0.143,False,False,0.1339
T00870,12,3,0,0.0,64.4,133.5,11.12,0.167,False,False,0.0948
T00871,15,2,0,0.0,53.1,134.87,8.99,0.133,False,False,0.0688
T00872,15,3,0,0.0,50.1,160.77,10.72,0.067,False,False,0.0977
T00873,13,2,0,0.0,55.9,97.59,7.51,0.308,False,False,0.0261
T00874,15,2,0,0.0,57.3,122.59,8.17,0.2,False,False,0.0654
T00875,15,5,0,0.0,54.5,182.58,12.17,0.2,False,False,0.0717
T00876,14,4,0,0.0,44.5,127.02,9.07,0.429,False,True,-0.0018
T00877,14,3,0,0.0,48.0,153.29,10.95,0.071,False,False,0.0986
T00878,14,3,0,0.0,58.4,102.31,7.31,0.214,False,False,0.0983
T00879,15,4,0,0.0,56.8,183.14,12.21,0.267,False,False,0.0996
T00880,14,3,0,0.0,61.0,90.14,6.44,0.214,False,False,0.0605
T00881,12,3,0,0.0,46.2,134.21,11.18,0.167,False,False,0.0873
T00882,17,4,0,0.0,49.5,137.28,8.08,0.235,False,False,0.0691
T00883,14,3,0,0.0,58.9,161.61,11.54,0.071,False,False,0.1137
T00884,15,5,0,0.0,53.9,174.43,11.63,0.067,False,False,0.0748
T00885,12,4,0,0.0,38.8,117.77,9.81,0.083,False,False,0.0401
T00886,10,3,0,0.0,55.6,121.07,12.11,0.1,False,False,0.0812
T00887,10,3,0,0.0,62.6,102.52,10.25,0.1,False,False,0.0705
T00888,13,4,0,0.0,49.5,186.31,14.33,0.077,False,False,0.0687
T00889,12,3,0,0.0,60.0,163.08,13.59,0.083,False,False,0.0908
T00890,12,3,0,0.0,64.2,91.98,7.67,0.167,False,False,0.0762
T00891,14,5,0,0.0,48.9,137.89,9.85,0.143,False,False,0.0614
T00892,16,3,0,0.0,58.9,158.67,9.92,0.188,False,False,0.1076
T00893,11,4,0,0.0,52.1,144.8,13.16,0.0,False,False,0.0662
T00894,14,3,0,0.0,56.4,109.77,7.84,0.214,False,False,0.1149
T00895,14,3,0,0.0,51.9,170.81,12.2,0.214,False,False,0.11
T00896,18,3,0,0.0,53.2,170.97,9.5,0.278,False,False,0.0265
T00897,13,4,0,0.0,60.4,130.93,10.07,0.231,False,False,0.1232
T00898,16,5,0,0.0,62.9,206.79,12.92,0.188,False,False,0.0184
T00899,12,4,0,0.0,62.5,170.3,14.19,0.083,False,False,0.0707
T00900,13,4,0,0.0,54.5,89.22,6.86,0.154,False,False,0.0678
T00901,13,3,0,0.0,58.0,108.54,8.35,0.077,False,False,0.1154
T00902,14,4,0,0.0,50.4,175.79,12.56,0.143,False,False,0.1147
T00903,16,3,0,0.0,60.3,152.52,9.53,0.125,False,False,0.1007
T00904,12,2,0,0.0,56.7,128.53,10.71,0.333,False,False,0.0275
T00905,12,3,0,0.0,55.0,114.3,9.53,0.167,False,False,0.123
T00906,11,3,0,0.0,48.5,111.4,10.13,0.091,False,False,0.0948
T00907,15,3,0,0.0,53.8,102.4,6.83,0.133,False,False,0.0772
T00908,17,4,0,0.0,50.1,200.39,11.79,0.294,False,False,0.0361
T00909,10,3,0,0.0,52.2,84.66,8.47,0.1,False,False,0.0601
T00910,13,4,0,0.0,59.9,138.58,10.66,0.077,False,False,0.1291
T00911,13,4,0,0.0,57.4,119.77,9.21,0.231,False,False,0.1204
T00912,15,4,0,0.0,50.9,132.19,8.81,0.133,False,False,0.1142
T00913,15,3,0,0.0,53.6,142.11,9.47,0.133,False,False,0.1242
T00914,14,4,0,0.0,61.1,126.47,9.03,0.071,False,False,0.1195
T00915,14,4,0,0.0,47.1,166.36,11.88,0.214,False,False,0.0981
T00916,15,3,0,0.0,53.6,163.54,10.9,0.333,False,False,0.0687
T00917,17,4,0,0.0,51.5,196.74,11.57,0.176,False,False,0.0759
T00918,12,3,0,0.0,56.5,92.15,7.68,0.083,False,False,0.098
T00919,14,5,0,0.0,59.3,187.2,13.37,0.143,False,False,0.0653
T00920,14,3,0,0.0,55.2,114.36,8.17,0.071,False,False,0.1114
T00921,14,4,0,0.0,50.2,153.79,10.98,0.214,False,False,0.118
T00922,13,4,0,0.0,58.2,153.38,11.8,0.154,False,False,0.1303
T00923,12,3,0,0.0,55.7,134.85,11.24,0.083,False,False,0.1192
T00924,14,3,0,0.0,59.4,189.04,13.5,0.357,False,False,0.0227
T00925,13,6,0,0.0,58.5,173.8,13.37,0.154,False,False,0.0192
T00926,18,5,0,0.0,55.7,172.98,9.61,0.167,False,False,0.0071
T00927,15,2,0,0.0,55.9,142.1,9.47,0.4,False,True,-0.0067
T00928,14,5,0,0.0,58.6,152.01,10.86,0.071,False,False,0.0834
T00929,14,4,0,0.0,56.8,106.46,7.6,0.214,False,False,0.0972
T00930,9,2,0,0.0,53.1,98.37,10.93,0.111,False,True,-0.0039
T00931,14,4,0,0.0,61.9,99.68,7.12,0.071,False,False,0.0635
T00932,14,3,0,0.0,49.9,172.06,12.29,0.143,False,False,0.1041
T00933,12,3,0,0.0,53.2,133.14,11.09,0.167,False,False,0.123
T00934,13,5,0,0.0,42.2,164.05,12.62,0.077,False,False,0.0114
T00935,11,3,0,0.0,54.8,87.1,7.92,0.091,False,False,0.0797
T00936,9,3,0,0.0,43.7,73.28,8.14,0.111,False,True,-0.0371
T00937,10,4,0,0.0,51.6,78.31,7.83,0.2,False,False,0.0236
T00938,13,4,0,0.0,61.5,160.97,12.38,0.077,False,False,0.1103
T00939,10,2,0,0.0,50.9,99.2,9.92,0.1,False,False,0.0254
T00940,11,2,0,0.0,52.9,96.27,8.75,0.273,False,False,0.0374
T00941,13,3,0,0.0,55.7,132.37,10.18,0.154,False,False,0.1394
T00942,13,3,0,0.0,62.3,119.5,9.19,0.231,False,False,0.1124
T00943,11,2,0,0.0,63.6,117.31,10.66,0.182,False,False,0.0406
T00944,12,4,0,0.0,52.8,123.91,10.33,0.083,False,False,0.121
T00945,14,4,0,0.0,51.7,197.87,14.13,0.071,False,False,0.0739
T00946,17,3,0,0.0,54.4,181.73,10.69,0.176,False,False,0.0808
T00947,13,4,0,0.0,51.2,189.38,14.57,0.077,False,False,0.0735
T00948,16,3,0,0.0,47.4,123.69,7.73,0.125,False,False,0.0654
T00949,15,4,0,0.0,58.1,214.91,14.33,0.133,False,False,0.0613
T00950,18,4,0,0.0,60.3,269.57,14.98,0.167,False,True,-0.0686
T00951,12,4,0,0.0,48.9,121.85,10.15,0.0,False,False,0.0801
T00952,15,3,0,0.0,57.7,164.99,11.0,0.267,False,False,0.0994
T00953,17,3,0,0.0,59.9,138.01,8.12,0.118,False,False,0.0718
T00954,15,4,0,0.0,53.3,184.27,12.28,0.267,False,False,0.0997
T00955,13,4,0,0.0,55.5,156.7,12.05,0.231,False,False,0.1213
T00956,11,3,0,0.0,47.8,107.81,9.8,0.0,False,False,0.0586
T00957,13,4,0,0.0,62.2,160.75,12.37,0.231,False,False,0.1079
T00958,15,3,0,0.0,54.7,126.53,8.44,0.2,False,False,0.1226
T00959,9,3,0,0.0,58.6,90.81,10.09,0.0,False,False,0.018
T00960,14,2,0,0.0,59.8,72.2,5.16,0.214,False,True,-0.0297
T00961,11,2,0,0.0,54.8,80.97,7.36,0.182,False,False,0.0361
T00962,17,3,0,0.0,55.8,169.03,9.94,0.176,False,False,0.0848
T00963,13,2,0,0.0,63.8,96.3,7.41,0.231,False,False,0.0195
T00964,15,3,0,0.0,57.3,128.81,8.59,0.267,False,False,0.1112
T00965,16,5,0,0.0,50.4,140.25,8.77,0.188,True,False,0.0458
T00966,12,3,0,0.0,58.9,98.5,8.21,0.083,False,False,0.1045
T00967,14,3,0,0.0,49.4,113.65,8.12,0.214,False,False,0.1
T00968,16,3,0,0.0,46.4,151.2,9.45,0.188,False,False,0.0799
T00969,13,3,0,0.0,51.8,141.5,10.88,0.154,False,False,0.1339
T00970,14,3,0,0.0,50.4,109.61,7.83,0.143,False,False,0.1044
T00971,10,3,0,0.0,66.6,97.52,9.75,0.0,False,False,0.0048
T00972,12,3,0,0.0,55.5,100.41,8.37,0.167,False,False,0.1154
T00973,11,4,0,0.0,65.6,179.52,16.32,0.182,False,True,-0.0256
T00974,16,3,0,0.0,57.2,196.06,12.25,0.25,False,False,0.0678
T00975,13,3,0,0.0,45.1,117.14,9.01,0.231,False,False,0.0835
T00976,13,4,0,0.0,51.8,122.47,9.42,0.154,False,False,0.1227
T00977,14,3,0,0.0,59.7,121.86,8.7,0.214,False,False,0.1232
T00978,13,2,0,0.0,61.9,114.36,8.8,0.385,False,True,-0.016
T00979,13,3,0,0.0,61.6,80.28,6.18,0.154,False,False,0.0472
T00980,13,3,0,0.0,58.2,100.8,7.75,0.231,False,False,0.104
T00981,15,4,0,0.0,57.8,202.54,13.5,0.067,False,False,0.0856
T00982,16,4,0,0.0,60.2,161.55,10.1,0.125,False,False,0.1087
T00983,14,4,0,0.0,62.3,209.18,14.94,0.214,False,False,0.033
T00984,11,4,0,0.0,59.1,156.13,14.19,0.0,False,False,0.0478
T00985,13,3,0,0.0,56.3,128.57,9.89,0.231,False,False,0.1317
T00986,14,3,0,0.0,65.2,124.82,8.92,0.143,False,False,0.0933
T00987,9,3,0,0.0,54.1,122.41,13.6,0.0,False,False,0.0082
T00988,17,4,0,0.0,50.1,176.35,10.37,0.118,False,False,0.0764
T00989,18,3,0,0.0,62.7,172.93,9.61,0.278,True,False,0.0145
T00990,15,4,0,0.0,63.6,202.83,13.52,0.133,False,False,0.0726
T00991,15,4,0,0.0,54.9,146.84,9.79,0.267,False,False,0.1138
T00992,13,2,0,0.0,61.3,151.92,11.69,0.231,False,False,0.0544
T00993,17,5,0,0.0,57.9,209.33,12.31,0.176,False,False,0.0233
T00994,15,5,0,0.0,59.1,140.25,9.35,0.067,False,False,0.0635
T00995,12,4,0,0.0,56.0,160.56,13.38,0.167,False,False,0.1134
T00996,12,3,0,0.0,65.9,163.7,13.64,0.083,False,False,0.0483
T00997,13,4,0,0.0,57.4,162.16,12.47,0.077,False,False,0.1221
T00998,15,3,0,0.0,44.9,201.73,13.45,0.2,False,False,0.0253
T00999,11,4,0,0.0,53.1,125.14,11.38,0.091,False,False,0.1067
T01000,12,3,0,0.0,56.6,121.18,10.1,0.167,False,False,0.1302
