tourist_id,n_visits,restricted_entries,alternation_count,alternation_ratio,most_common_bigram_freq,unique_bigram_ratio,is_suspicious_ground_truth
T00001,12,0,0,0.0,1,1.0,False
T00002,13,0,0,0.0,1,1.0,False
T00003,15,0,0,0.0,2,0.929,False
T00004,14,0,0,0.0,1,1.0,False
T00005,13,0,0,0.0,1,1.0,False
T00006,10,0,0,0.0,1,1.0,False
T00007,12,0,0,0.0,1,1.0,False
T00008,12,0,0,0.0,1,1.0,False
T00009,10,0,0,0.0,1,1.0,False
T00010,12,2,3,0.273,1,1.0,True
T00011,14,0,0,0.0,1,1.0,False
T00012,15,0,0,0.0,1,1.0,False
T00013,16,0,0,0.0,1,1.0,False
T00014,14,0,0,0.0,1,1.0,False
T00015,18,0,0,0.0,1,1.0,False
T00016,14,0,0,0.0,1,1.0,False
T00017,15,0,0,0.0,1,1.0,False
T00018,15,0,0,0.0,1,1.0,False
T00019,14,0,0,0.0,1,1.0,False
T00020,11,0,0,0.0,1,1.0,False
T00021,14,0,0,0.0,1,1.0,False
T00022,18,0,0,0.0,2,0.941,False
T00023,14,0,0,0.0,1,1.0,False
T00024,17,0,0,0.0,1,1.0,False
T00025,14,0,0,0.0,1,1.0,False
T00026,14,0,0,0.0,2,0.923,False
T00027,16,0,0,0.0,2,0.933,False
T00028,16,0,0,0.0,1,1.0,False
T00029,17,0,0,0.0,1,1.0,False
T00030,13,0,0,0.0,1,1.0,False
T00031,14,0,0,0.0,1,1.0,False
T00032,12,0,0,0.0,1,1.0,False
T00033,13,0,0,0.0,1,1.0,False
T00034,14,0,0,0.0,1,1.0,False
T00035,13,0,0,0.0,1,1.0,False
T00036,14,0,0,0.0,1,1.0,False
T00037,14,0,0,0.0,1,1.0,False
T00038,16,0,0,0.0,1,1.0,False
T00039,13,0,0,0.0,1,1.0,False
T00040,13,2,3,0.25,1,1.0,True
T00041,16,0,0,0.0,1,1.0,False
T00042,13,0,0,0.0,1,1.0,False
T00043,14,0,0,0.0,1,1.0,False
T00044,14,1,2,0.154,1,1.0,True
T00045,13,1,1,0.083,1,1.0,True
T00046,11,0,0,0.0,1,1.0,False
T00047,17,0,0,0.0,1,1.0,False
T00048,15,0,0,0.0,2,0.929,False
T00049,14,0,0,0.0,1,1.0,False
T00050,14,0,0,0.0,1,1.0,False
T00051,13,0,0,0.0,2,0.917,False
T00052,15,0,0,0.0,1,1.0,False
T00053,15,0,0,0.0,1,1.0,False
T00054,13,0,0,0.0,1,1.0,False
T00055,14,0,0,0.0,1,1.0,False
T00056,16,0,0,0.0,1,1.0,False
T00057,12,0,0,0.0,1,1.0,False
T00058,11,0,0,0.0,1,1.0,False
T00059,13,0,0,0.0,1,1.0,False
T00060,14,0,0,0.0,1,1.0,False
T00061,13,0,0,0.0,1,1.0,False
T00062,13,0,0,0.0,1,1.0,False
T00063,11,0,0,0.0,1,1.0,False
T00064,14,0,0,0.0,1,1.0,False
T00065,12,0,0,0.0,1,1.0,False
T00066,14,0,0,0.0,1,1.0,False
T00067,13,0,0,0.0,2,0.917,False
T00068,15,0,0,0.0,1,1.0,False
T00069,11,0,0,0.0,1,1.0,False
T00070,12,0,0,0.0,1,1.0,False
T00071,12,0,0,0.0,1,1.0,False
T00072,13,0,0,0.0,1,1.0,False
T00073,15,0,0,0.0,1,1.0,False
T00074,14,0,0,0.0,1,1.0,False
T00075,18,0,0,0.0,1,1.0,False
T00076,13,0,0,0.0,1,1.0,False
T00077,13,0,0,0.0,1,1.0,False
T00078,15,0,0,0.0,1,1.0,False
T00079,13,0,0,0.0,1,1.0,False
T00080,13,0,0,0.0,1,1.0,False
T00081,16,0,0,0.0,1,1.0,False
T00082,16,0,0,0.0,2,0.933,False
T00083,14,0,0,0.0,1,1.0,False
T00084,14,0,0,0.0,1,1.0,False
T00085,13,0,0,0.0,1,1.0,False
T00086,13,0,0,0.0,1,1.0,False
T00087,14,0,0,0.0,1,1.0,False
T00088,11,0,0,0.0,1,1.0,False
T00089,12,0,0,0.0,2,0.909,False
T00090,10,0,0,0.0,1,1.0,False
T00091,11,0,0,0.0,1,1.0,False
T00092,18,0,0,0.0,1,1.0,False
T00093,15,2,4,0.286,1,1.0,True
T00094,11,1,2,0.2,1,1.0,True
T00095,14,0,0,0.0,2,0.923,False
T00096,14,0,0,0.0,1,1.0,False
T00097,15,0,0,0.0,1,1.0,False
T00098,9,0,0,0.0,1,1.0,False
T00099,13,0,0,0.0,1,1.0,False
T00100,15,0,0,0.0,1,1.0,False
T00101,14,0,0,0.0,1,1.0,False
T00102,15,0,0,0.0,1,1.0,False
T00103,11,3,6,0.6,2,0.9,True
T00104,15,0,0,0.0,1,1.0,False
T00105,15,0,0,0.0,1,1.0,False
T00106,12,0,0,0.0,1,1.0,False
T00107,14,0,0,0.0,1,1.0,False
T00108,11,0,0,0.0,1,1.0,False
T00109,17,0,0,0.0,1,1.0,False
T00110,14,0,0,0.0,1,1.0,False
T00111,16,0,0,0.0,1,1.0,False
T00112,13,0,0,0.0,1,1.0,False
T00113,13,0,0,0.0,1,1.0,False
T00114,14,0,0,0.0,1,1.0,False
T00115,12,0,0,0.0,1,1.0,False
T00116,11,0,0,0.0,1,1.0,False
T00117,13,0,0,0.0,1,1.0,False
T00118,16,0,0,0.0,1,1.0,False
T00119,14,0,0,0.0,1,1.0,False
T00120,14,0,0,0.0,1,1.0,False
T00121,12,0,0,0.0,1,1.0,False
T00122,15,0,0,0.0,1,1.0,False
T00123,12,0,0,0.0,1,1.0,False
T00124,16,0,0,0.0,2,0.933,False
T00125,14,0,0,0.0,1,1.0,False
T00126,17,0,0,0.0,1,1.0,False
T00127,14,0,0,0.0,1,1.0,False
T00128,14,0,0,0.0,1,1.0,False
T00129,13,0,0,0.0,2,0.917,False
T00130,11,0,0,0.0,1,1.0,False
T00131,14,0,0,0.0,1,1.0,False
T00132,15,0,0,0.0,1,1.0,False
T00133,16,0,0,0.0,1,1.0,False
T00134,13,0,0,0.0,1,1.0,False
T00135,18,0,0,0.0,1,1.0,False
T00136,14,0,0,0.0,1,1.0,False
T00137,12,0,0,0.0,1,1.0,False
T00138,14,0,0,0.0,1,1.0,False
T00139,15,0,0,0.0,1,1.0,False
T00140,17,0,0,0.0,1,1.0,False
T00141,14,0,0,0.0,1,1.0,False
T00142,10,0,0,0.0,1,1.0,True
T00143,15,0,0,0.0,1,1.0,False
T00144,13,0,0,0.0,1,1.0,False
T00145,14,0,0,0.0,1,1.0,False
T00146,16,0,0,0.0,1,1.0,False
T00147,12,3,5,0.455,1,1.0,True
T00148,11,0,0,0.0,1,1.0,False
T00149,13,0,0,0.0,1,1.0,False
T00150,9,0,0,0.0,1,1.0,False
T00151,14,0,0,0.0,1,1.0,False
T00152,13,0,0,0.0,1,1.0,False
T00153,13,0,0,0.0,1,1.0,False
T00154,11,0,0,0.0,1,1.0,False
T00155,12,0,0,0.0,1,1.0,False
T00156,13,0,0,0.0,1,1.0,False
T00157,10,0,0,0.0,1,1.0,False
T00158,15,0,0,0.0,1,1.0,False
T00159,14,0,0,0.0,2,0.923,False
T00160,15,0,0,0.0,1,1.0,False
T00161,16,0,0,0.0,1,1.0,False
T00162,16,0,0,0.0,1,1.0,False
T00163,13,0,0,0.0,1,1.0,False
T00164,13,0,0,0.0,1,1.0,False
T00165,13,0,0,0.0,1,1.0,False
T00166,13,0,0,0.0,1,1.0,False
T00167,16,0,0,0.0,1,1.0,False
T00168,14,0,0,0.0,1,1.0,False
T00169,16,0,0,0.0,1,1.0,False
T00170,12,0,0,0.0,1,1.0,False
T00171,11,0,0,0.0,1,1.0,False
T00172,15,0,0,0.0,1,1.0,False
T00173,14,0,0,0.0,1,1.0,True
T00174,11,0,0,0.0,1,1.0,False
T00175,14,0,0,0.0,1,1.0,False
T00176,18,0,0,0.0,1,1.0,False
T00177,17,0,0,0.0,1,1.0,False
T00178,12,0,0,0.0,1,1.0,False
T00179,11,0,0,0.0,1,1.0,False
T00180,10,0,0,0.0,1,1.0,False
T00181,15,0,0,0.0,1,1.0,False
T00182,18,0,0,0.0,1,1.0,False
T00183,10,0,0,0.0,1,1.0,False
T00184,12,0,0,0.0,1,1.0,False
T00185,14,0,0,0.0,1,1.0,False
T00186,11,0,0,0.0,1,1.0,False
T00187,13,0,0,0.0,1,1.0,False
T00188,15,0,0,0.0,1,1.0,False
T00189,12,0,0,0.0,1,1.0,False
T00190,12,0,0,0.0,1,1.0,False
T00191,16,1,2,0.133,1,1.0,True
T00192,15,0,0,0.0,1,1.0,False
T00193,12,0,0,0.0,1,1.0,False
T00194,12,0,0,0.0,1,1.0,False
T00195,10,1,1,0.111,1,1.0,True
T00196,14,0,0,0.0,1,1.0,False
T00197,10,0,0,0.0,1,1.0,False
T00198,13,0,0,0.0,1,1.0,False
T00199,14,0,0,0.0,1,1.0,False
T00200,17,0,0,0.0,1,1.0,False
T00201,11,0,0,0.0,1,1.0,False
T00202,14,0,0,0.0,1,1.0,False
T00203,15,0,0,0.0,1,1.0,False
T00204,14,0,0,0.0,1,1.0,False
T00205,13,0,0,0.0,1,1.0,False
T00206,16,0,0,0.0,1,1.0,False
T00207,13,0,0,0.0,1,1.0,False
T00208,11,0,0,0.0,1,1.0,False
T00209,12,0,0,0.0,1,1.0,False
T00210,12,0,0,0.0,1,1.0,False
T00211,14,0,0,0.0,1,1.0,False
T00212,16,0,0,0.0,1,1.0,False
T00213,16,0,0,0.0,1,1.0,False
T00214,14,0,0,0.0,2,0.923,True
T00215,16,0,0,0.0,1,1.0,False
T00216,18,0,0,0.0,1,1.0,False
T00217,14,0,0,0.0,1,1.0,False
T00218,16,0,0,0.0,1,1.0,False
T00219,16,0,0,0.0,1,1.0,False
T00220,15,0,0,0.0,1,1.0,False
T00221,12,0,0,0.0,1,1.0,False
T00222,15,0,0,0.0,1,1.0,False
T00223,14,0,0,0.0,2,0.923,False
T00224,12,0,0,0.0,1,1.0,False
T00225,15,0,0,0.0,1,1.0,False
T00226,13,0,0,0.0,1,1.0,False
T00227,15,0,0,0.0,1,1.0,False
T00228,12,0,0,0.0,2,0.909,False
T00229,16,0,0,0.0,1,1.0,False
T00230,13,0,0,0.0,1,1.0,False
T00231,13,0,0,0.0,1,1.0,False
T00232,11,0,0,0.0,1,1.0,False
T00233,12,0,0,0.0,1,1.0,False
T00234,12,0,0,0.0,1,1.0,False
T00235,13,0,0,0.0,1,1.0,False
T00236,11,1,1,0.1,1,1.0,True
T00237,15,0,0,0.0,1,1.0,False
T00238,16,0,0,0.0,1,1.0,False
T00239,16,0,0,0.0,1,1.0,False
T00240,12,0,0,0.0,1,1.0,False
T00241,14,0,0,0.0,1,1.0,False
T00242,15,0,0,0.0,1,1.0,False
T00243,11,0,0,0.0,1,1.0,False
T00244,17,0,0,0.0,1,1.0,False
T00245,15,0,0,0.0,2,0.929,False
T00246,17,0,0,0.0,1,1.0,False
T00247,15,0,0,0.0,1,1.0,False
T00248,13,0,0,0.0,1,1.0,False
T00249,13,0,0,0.0,1,1.0,False
T00250,13,0,0,0.0,1,1.0,False
T00251,13,0,0,0.0,1,1.0,False
T00252,13,0,0,0.0,1,1.0,False
T00253,14,0,0,0.0,1,1.0,False
T00254,14,0,0,0.0,1,1.0,False
T00255,15,0,0,0.0,1,1.0,False
T00256,14,0,0,0.0,1,1.0,False
T00257,11,0,0,0.0,1,1.0,False
T00258,13,0,0,0.0,1,1.0,False
T00259,12,0,0,0.0,1,1.0,False
T00260,12,0,0,0.0,1,1.0,False
T00261,15,0,0,0.0,1,1.0,False
T00262,15,0,0,0.0,2,0.929,False
T00263,14,0,0,0.0,1,1.0,False
T00264,13,0,0,0.0,1,1.0,False
T00265,14,0,0,0.0,1,1.0,False
T00266,11,0,0,0.0,1,1.0,False
T00267,14,0,0,0.0,1,1.0,False
T00268,14,0,0,0.0,1,1.0,False
T00269,12,0,0,0.0,1,1.0,False
T00270,16,0,0,0.0,1,1.0,False
T00271,14,0,0,0.0,1,1.0,False
T00272,10,0,0,0.0,1,1.0,False
T00273,15,0,0,0.0,1,1.0,False
T00274,12,0,0,0.0,1,1.0,False
T00275,15,0,0,0.0,1,1.0,False
T00276,16,0,0,0.0,1,1.0,False
T00277,14,0,0,0.0,1,1.0,True
T00278,10,0,0,0.0,1,1.0,False
T00279,12,0,0,0.0,1,1.0,False
T00280,14,0,0,0.0,1,1.0,False
T00281,15,0,0,0.0,1,1.0,False
T00282,13,0,0,0.0,1,1.0,False
T00283,11,0,0,0.0,1,1.0,False
T00284,13,0,0,0.0,1,1.0,False
T00285,14,0,0,0.0,1,1.0,False
T00286,12,0,0,0.0,1,1.0,False
T00287,15,1,1,0.071,1,1.0,True
T00288,18,0,0,0.0,1,1.0,False
T00289,14,0,0,0.0,1,1.0,False
T00290,12,0,0,0.0,1,1.0,False
T00291,14,0,0,0.0,1,1.0,False
T00292,12,0,0,0.0,1,1.0,False
T00293,12,0,0,0.0,1,1.0,False
T00294,11,0,0,0.0,1,1.0,False
T00295,14,0,0,0.0,1,1.0,False
T00296,13,0,0,0.0,1,1.0,False
T00297,11,0,0,0.0,1,1.0,False
T00298,16,0,0,0.0,1,1.0,False
T00299,11,0,0,0.0,1,1.0,False
T00300,12,0,0,0.0,1,1.0,False
T00301,10,0,0,0.0,2,0.889,False
T00302,13,0,0,0.0,1,1.0,True
T00303,18,0,0,0.0,1,1.0,False
T00304,17,0,0,0.0,1,1.0,False
T00305,16,0,0,0.0,1,1.0,False
T00306,12,0,0,0.0,1,1.0,False
T00307,14,0,0,0.0,2,0.923,False
T00308,12,0,0,0.0,1,1.0,False
T00309,12,0,0,0.0,2,0.909,False
T00310,15,0,0,0.0,1,1.0,False
T00311,13,0,0,0.0,2,0.917,False
T00312,11,0,0,0.0,2,0.9,False
T00313,12,0,0,0.0,1,1.0,False
T00314,13,2,3,0.25,1,1.0,True
T00315,14,0,0,0.0,1,1.0,False
T00316,14,0,0,0.0,1,1.0,False
T00317,9,0,0,0.0,1,1.0,False
T00318,15,0,0,0.0,2,0.857,False
T00319,15,0,0,0.0,1,1.0,False
T00320,13,0,0,0.0,1,1.0,False
T00321,14,0,0,0.0,1,1.0,False
T00322,16,0,0,0.0,1,1.0,False
T00323,11,0,0,0.0,1,1.0,False
T00324,16,0,0,0.0,1,1.0,False
T00325,14,1,1,0.077,1,1.0,True
T00326,18,0,0,0.0,2,0.941,False
T00327,13,0,0,0.0,1,1.0,False
T00328,18,0,0,0.0,1,1.0,False
T00329,13,0,0,0.0,1,1.0,False
T00330,16,0,0,0.0,1,1.0,False
T00331,12,0,0,0.0,1,1.0,False
T00332,13,0,0,0.0,1,1.0,False
T00333,16,0,0,0.0,1,1.0,False
T00334,12,0,0,0.0,1,1.0,False
T00335,15,0,0,0.0,1,1.0,False
T00336,15,0,0,0.0,1,1.0,False
T00337,14,0,0,0.0,1,1.0,False
T00338,17,0,0,0.0,1,1.0,False
T00339,15,0,0,0.0,1,1.0,False
T00340,12,0,0,0.0,1,1.0,False
T00341,14,0,0,0.0,1,1.0,False
T00342,13,0,0,0.0,1,1.0,False
T00343,14,0,0,0.0,1,1.0,True
T00344,15,0,0,0.0,1,1.0,False
T00345,13,0,0,0.0,1,1.0,False
T00346,16,0,0,0.0,1,1.0,False
T00347,13,0,0,0.0,1,1.0,False
T00348,14,0,0,0.0,1,1.0,False
T00349,14,0,0,0.0,1,1.0,False
T00350,16,0,0,0.0,1,1.0,False
T00351,15,0,0,0.0,1,1.0,False
T00352,10,0,0,0.0,1,1.0,False
T00353,13,0,0,0.0,1,1.0,True
T00354,11,0,0,0.0,1,1.0,False
T00355,15,1,2,0.143,1,1.0,True
T00356,15,0,0,0.0,1,1.0,False
T00357,15,0,0,0.0,1,1.0,False
T00358,13,0,0,0.0,1,1.0,False
T00359,16,0,0,0.0,1,1.0,False
T00360,13,0,0,0.0,1,1.0,False
T00361,12,0,0,0.0,1,1.0,False
T00362,14,0,0,0.0,1,1.0,False
T00363,12,0,0,0.0,1,1.0,False
T00364,17,0,0,0.0,1,1.0,False
T00365,15,0,0,0.0,1,1.0,False
T00366,13,0,0,0.0,1,1.0,False
T00367,11,0,0,0.0,1,1.0,False
T00368,13,0,0,0.0,1,1.0,False
T00369,14,0,0,0.0,1,1.0,False
T00370,13,0,0,0.0,1,1.0,False
T00371,12,0,0,0.0,1,1.0,False
T00372,16,0,0,0.0,1,1.0,False
T00373,13,0,0,0.0,1,1.0,False
T00374,15,0,0,0.0,1,1.0,False
T00375,13,0,0,0.0,1,1.0,False
T00376,12,0,0,0.0,1,1.0,False
T00377,16,0,0,0.0,1,1.0,False
T00378,14,0,0,0.0,1,1.0,False
T00379,16,0,0,0.0,1,1.0,False
T00380,13,0,0,0.0,1,1.0,False
T00381,17,0,0,0.0,1,1.0,False
T00382,12,0,0,0.0,1,1.0,False
T00383,16,0,0,0.0,1,1.0,False
T00384,13,0,0,0.0,1,1.0,False
T00385,14,0,0,0.0,1,1.0,False
T00386,13,3,5,0.417,1,1.0,True
T00387,15,0,0,0.0,1,1.0,False
T00388,15,0,0,0.0,1,1.0,False
T00389,16,0,0,0.0,1,1.0,False
T00390,15,0,0,0.0,1,1.0,False
T00391,13,0,0,0.0,1,1.0,False
T00392,13,0,0,0.0,1,1.0,False
T00393,16,0,0,0.0,1,1.0,False
T00394,15,0,0,0.0,1,1.0,False
T00395,17,0,0,0.0,1,1.0,False
T00396,13,0,0,0.0,1,1.0,False
T00397,16,0,0,0.0,1,1.0,False
T00398,14,0,0,0.0,1,1.0,False
T00399,11,0,0,0.0,1,1.0,False
T00400,14,0,0,0.0,1,1.0,False
T00401,14,0,0,0.0,1,1.0,False
T00402,14,0,0,0.0,1,1.0,False
T00403,13,0,0,0.0,1,1.0,False
T00404,15,0,0,0.0,1,1.0,False
T00405,12,0,0,0.0,1,1.0,False
T00406,14,0,0,0.0,1,1.0,False
T00407,15,0,0,0.0,1,1.0,False
T00408,11,0,0,0.0,1,1.0,False
T00409,14,0,0,0.0,1,1.0,False
T00410,13,0,0,0.0,1,1.0,False
T00411,15,0,0,0.0,1,1.0,False
T00412,12,0,0,0.0,1,1.0,False
T00413,14,0,0,0.0,1,1.0,False
T00414,11,0,0,0.0,1,1.0,False
T00415,12,0,0,0.0,2,0.909,False
T00416,14,0,0,0.0,1,1.0,False
T00417,11,0,0,0.0,1,1.0,False
T00418,13,0,0,0.0,1,1.0,False
T00419,17,0,0,0.0,1,1.0,False
T00420,14,0,0,0.0,1,1.0,False
T00421,12,0,0,0.0,1,1.0,False
T00422,10,0,0,0.0,1,1.0,False
T00423,16,0,0,0.0,1,1.0,False
T00424,10,0,0,0.0,1,1.0,False
T00425,16,0,0,0.0,1,1.0,False
T00426,12,0,0,0.0,1,1.0,False
T00427,11,0,0,0.0,1,1.0,False
T00428,11,0,0,0.0,1,1.0,False
T00429,13,0,0,0.0,1,1.0,False
T00430,14,0,0,0.0,1,1.0,False
T00431,11,0,0,0.0,1,1.0,False
T00432,17,0,0,0.0,1,1.0,False
T00433,13,0,0,0.0,1,1.0,False
T00434,13,0,0,0.0,1,1.0,False
T00435,14,0,0,0.0,1,1.0,False
T00436,14,0,0,0.0,1,1.0,False
T00437,14,0,0,0.0,1,1.0,False
T00438,16,0,0,0.0,1,1.0,False
T00439,13,0,0,0.0,2,0.917,False
T00440,10,0,0,0.0,1,1.0,False
T00441,13,0,0,0.0,1,1.0,False
T00442,16,0,0,0.0,1,1.0,False
T00443,13,0,0,0.0,1,1.0,False
T00444,17,0,0,0.0,1,1.0,False
T00445,12,0,0,0.0,1,1.0,False
T00446,14,0,0,0.0,1,1.0,False
T00447,15,0,0,0.0,1,1.0,True
T00448,13,0,0,0.0,1,1.0,False
T00449,12,0,0,0.0,1,1.0,False
T00450,13,0,0,0.0,1,1.0,False
T00451,14,0,0,0.0,1,1.0,False
T00452,14,0,0,0.0,1,1.0,False
T00453,14,1,1,0.077,1,1.0,True
T00454,14,0,0,0.0,1,1.0,False
T00455,11,0,0,0.0,1,1.0,False
T00456,13,0,0,0.0,1,1.0,False
T00457,15,0,0,0.0,1,1.0,False
T00458,13,2,4,0.333,1,1.0,True
T00459,13,0,0,0.0,1,1.0,False
T00460,14,0,0,0.0,1,1.0,False
T00461,12,0,0,0.0,1,1.0,False
T00462,13,0,0,0.0,1,1.0,False
T00463,12,0,0,0.0,1,1.0,False
T00464,13,1,2,0.167,2,0.917,True
T00465,12,1,2,0.182,1,1.0,True
T00466,11,0,0,0.0,1,1.0,False
T00467,12,2,3,0.273,1,1.0,True
T00468,11,0,0,0.0,1,1.0,False
T00469,14,0,0,0.0,1,1.0,False
T00470,11,0,0,0.0,1,1.0,False
T00471,13,0,0,0.0,1,1.0,False
T00472,12,0,0,0.0,1,1.0,False
T00473,15,0,0,0.0,1,1.0,False
T00474,10,0,0,0.0,1,1.0,False
T00475,13,0,0,0.0,1,1.0,False
T00476,12,0,0,0.0,1,1.0,False
T00477,12,0,0,0.0,1,1.0,False
T00478,14,0,0,0.0,1,1.0,False
T00479,9,0,0,0.0,1,1.0,False
T00480,13,0,0,0.0,1,1.0,False
T00481,16,0,0,0.0,2,0.933,False
T00482,15,0,0,0.0,1,1.0,False
T00483,15,0,0,0.0,1,1.0,False
T00484,15,0,0,0.0,1,1.0,False
T00485,12,0,0,0.0,1,1.0,False
T00486,15,0,0,0.0,1,1.0,False
T00487,9,0,0,0.0,1,1.0,False
T00488,17,0,0,0.0,2,0.938,False
T00489,12,0,0,0.0,1,1.0,False
T00490,13,0,0,0.0,1,1.0,False
T00491,15,0,0,0.0,1,1.0,False
T00492,18,0,0,0.0,1,1.0,False
T00493,11,0,0,0.0,1,1.0,False
T00494,14,0,0,0.0,1,1.0,False
T00495,18,0,0,0.0,1,1.0,False
T00496,12,0,0,0.0,1,1.0,False
T00497,16,0,0,0.0,1,1.0,False
T00498,16,0,0,0.0,1,1.0,False
T00499,12,0,0,0.0,1,1.0,False
T00500,15,0,0,0.0,1,1.0,False
T00501,13,0,0,0.0,1,1.0,False
T00502,16,0,0,0.0,1,1.0,False
T00503,12,0,0,0.0,1,1.0,False
T00504,15,0,0,0.0,1,1.0,False
T00505,12,0,0,0.0,1,1.0,False
T00506,17,0,0,0.0,1,1.0,False
T00507,13,0,0,0.0,1,1.0,False
T00508,10,0,0,0.0,1,1.0,False
T00509,11,0,0,0.0,1,1.0,False
T00510,14,0,0,0.0,1,1.0,False
T00511,15,0,0,0.0,1,1.0,False
T00512,14,0,0,0.0,1,1.0,False
T00513,14,0,0,0.0,1,1.0,False
T00514,14,0,0,0.0,1,1.0,False
T00515,16,0,0,0.0,1,1.0,False
T00516,15,1,2,0.143,1,1.0,True
T00517,16,0,0,0.0,1,1.0,False
T00518,13,0,0,0.0,1,1.0,False
T00519,17,0,0,0.0,1,1.0,False
T00520,12,0,0,0.0,1,1.0,False
T00521,10,0,0,0.0,1,1.0,False
T00522,13,0,0,0.0,1,1.0,False
T00523,14,0,0,0.0,1,1.0,False
T00524,14,0,0,0.0,1,1.0,True
T00525,13,0,0,0.0,1,1.0,False
T00526,14,0,0,0.0,1,1.0,False
T00527,12,0,0,0.0,1,1.0,False
T00528,15,0,0,0.0,1,1.0,False
T00529,17,1,2,0.125,1,1.0,True
T00530,12,0,0,0.0,1,1.0,False
T00531,14,2,4,0.308,1,1.0,True
T00532,17,0,0,0.0,1,1.0,False
T00533,13,0,0,0.0,1,1.0,False
T00534,14,0,0,0.0,1,1.0,False
T00535,12,0,0,0.0,1,1.0,False
T00536,11,2,3,0.3,1,1.0,True
T00537,12,0,0,0.0,1,1.0,False
T00538,16,0,0,0.0,1,1.0,False
T00539,15,0,0,0.0,1,1.0,False
T00540,13,0,0,0.0,1,1.0,False
T00541,11,0,0,0.0,1,1.0,False
T00542,13,0,0,0.0,1,1.0,False
T00543,12,0,0,0.0,1,1.0,False
T00544,15,0,0,0.0,1,1.0,False
T00545,16,0,0,0.0,1,1.0,False
T00546,13,0,0,0.0,1,1.0,False
T00547,13,0,0,0.0,1,1.0,False
T00548,14,0,0,0.0,1,1.0,False
T00549,10,0,0,0.0,1,1.0,False
T00550,17,0,0,0.0,1,1.0,False
T00551,12,0,0,0.0,1,1.0,False
T00552,17,0,0,0.0,1,1.0,False
T00553,10,0,0,0.0,1,1.0,False
T00554,9,0,0,0.0,2,0.875,False
T00555,16,0,0,0.0,2,0.933,False
T00556,12,0,0,0.0,1,1.0,False
T00557,13,0,0,0.0,1,1.0,False
T00558,11,0,0,0.0,1,1.0,False
T00559,16,0,0,0.0,1,1.0,False
T00560,12,0,0,0.0,1,1.0,False
T00561,14,0,0,0.0,1,1.0,False
T00562,16,0,0,0.0,1,1.0,False
T00563,15,0,0,0.0,2,0.929,False
T00564,11,0,0,0.0,1,1.0,True
T00565,15,0,0,0.0,1,1.0,True
T00566,15,1,2,0.143,1,1.0,True
T00567,15,0,0,0.0,1,1.0,False
T00568,16,0,0,0.0,1,1.0,False
T00569,13,0,0,0.0,1,1.0,False
T00570,11,0,0,0.0,1,1.0,False
T00571,15,0,0,0.0,1,1.0,False
T00572,13,0,0,0.0,1,1.0,False
T00573,12,0,0,0.0,1,1.0,False
T00574,17,0,0,0.0,1,1.0,False
T00575,11,0,0,0.0,1,1.0,False
T00576,13,0,0,0.0,1,1.0,False
T00577,12,0,0,0.0,1,1.0,True
T00578,16,0,0,0.0,1,1.0,False
T00579,14,0,0,0.0,1,1.0,False
T00580,15,0,0,0.0,1,1.0,True
T00581,13,0,0,0.0,1,1.0,False
T00582,14,0,0,0.0,1,1.0,False
T00583,16,0,0,0.0,1,1.0,False
T00584,17,0,0,0.0,1,1.0,False
T00585,15,0,0,0.0,2,0.929,False
T00586,12,0,0,0.0,1,1.0,False
T00587,13,0,0,0.0,1,1.0,False
T00588,14,0,0,0.0,1,1.0,False
T00589,13,0,0,0.0,1,1.0,False
T00590,15,0,0,0.0,1,1.0,False
T00591,9,1,2,0.25,2,0.875,True
T00592,13,1,2,0.167,1,1.0,True
T00593,15,0,0,0.0,1,1.0,False
T00594,13,0,0,0.0,1,1.0,False
T00595,15,0,0,0.0,2,0.929,False
T00596,16,0,0,0.0,1,1.0,False
T00597,13,0,0,0.0,1,1.0,False
T00598,11,0,0,0.0,2,0.9,False
T00599,11,0,0,0.0,1,1.0,False
T00600,14,0,0,0.0,1,1.0,False
T00601,16,0,0,0.0,2,0.933,False
T00602,16,0,0,0.0,1,1.0,False
T00603,16,0,0,0.0,1,1.0,False
T00604,13,0,0,0.0,1,1.0,False
T00605,12,0,0,0.0,1,1.0,False
T00606,15,0,0,0.0,1,1.0,False
T00607,13,0,0,0.0,1,1.0,False
T00608,12,0,0,0.0,1,1.0,False
T00609,13,0,0,0.0,1,1.0,False
T00610,14,0,0,0.0,1,1.0,False
T00611,15,1,2,0.143,1,1.0,True
T00612,14,0,0,0.0,2,0.846,False
T00613,14,0,0,0.0,1,1.0,False
T00614,12,0,0,0.0,1,1.0,False
T00615,13,0,0,0.0,1,1.0,False
T00616,9,0,0,0.0,1,1.0,False
T00617,11,0,0,0.0,1,1.0,False
T00618,14,0,0,0.0,1,1.0,False
T00619,14,0,0,0.0,1,1.0,False
T00620,9,0,0,0.0,1,1.0,False
T00621,11,0,0,0.0,1,1.0,False
T00622,11,0,0,0.0,1,1.0,False
T00623,14,0,0,0.0,1,1.0,False
T00624,13,0,0,0.0,1,1.0,False
T00625,17,0,0,0.0,1,1.0,False
T00626,13,0,0,0.0,1,1.0,False
T00627,10,0,0,0.0,1,1.0,False
T00628,15,0,0,0.0,1,1.0,False
T00629,11,0,0,0.0,1,1.0,False
T00630,13,0,0,0.0,1,1.0,False
T00631,15,1,2,0.143,1,1.0,True
T00632,16,0,0,0.0,1,1.0,False
T00633,15,0,0,0.0,2,0.929,False
T00634,12,0,0,0.0,1,1.0,False
T00635,13,0,0,0.0,1,1.0,False
T00636,9,0,0,0.0,1,1.0,False
T00637,11,0,0,0.0,1,1.0,False
T00638,12,0,0,0.0,1,1.0,False
T00639,15,0,0,0.0,1,1.0,False
T00640,9,0,0,0.0,1,1.0,False
T00641,9,0,0,0.0,1,1.0,False
T00642,16,0,0,0.0,1,1.0,False
T00643,12,0,0,0.0,1,1.0,False
T00644,13,0,0,0.0,1,1.0,False
T00645,15,0,0,0.0,1,1.0,False
T00646,18,0,0,0.0,1,1.0,False
T00647,15,0,0,0.0,1,1.0,False
T00648,12,0,0,0.0,1,1.0,False
T00649,11,0,0,0.0,1,1.0,False
T00650,17,0,0,0.0,1,1.0,False
T00651,13,0,0,0.0,1,1.0,True
T00652,14,0,0,0.0,1,1.0,False
T00653,12,0,0,0.0,1,1.0,False
T00654,16,0,0,0.0,1,1.0,False
T00655,12,0,0,0.0,1,1.0,True
T00656,15,0,0,0.0,1,1.0,False
T00657,12,0,0,0.0,1,1.0,False
T00658,13,0,0,0.0,1,1.0,False
T00659,13,0,0,0.0,2,0.917,False
T00660,13,0,0,0.0,1,1.0,False
T00661,12,0,0,0.0,1,1.0,True
T00662,15,0,0,0.0,1,1.0,False
T00663,16,0,0,0.0,2,0.933,False
T00664,15,0,0,0.0,1,1.0,False
T00665,13,0,0,0.0,1,1.0,False
T00666,16,0,0,0.0,1,1.0,False
T00667,12,0,0,0.0,1,1.0,False
T00668,15,0,0,0.0,1,1.0,False
T00669,13,0,0,0.0,1,1.0,False
T00670,13,0,0,0.0,1,1.0,False
T00671,13,0,0,0.0,1,1.0,False
T00672,17,0,0,0.0,1,1.0,False
T00673,14,0,0,0.0,1,1.0,False
T00674,16,3,6,0.4,1,1.0,True
T00675,13,0,0,0.0,1,1.0,False
T00676,13,0,0,0.0,1,1.0,False
T00677,16,0,0,0.0,1,1.0,False
T00678,18,1,2,0.118,1,1.0,True
T00679,13,0,0,0.0,1,1.0,False
T00680,17,0,0,0.0,1,1.0,False
T00681,13,3,6,0.5,1,1.0,True
T00682,11,0,0,0.0,1,1.0,False
T00683,12,0,0,0.0,1,1.0,False
T00684,14,0,0,0.0,1,1.0,False
T00685,14,0,0,0.0,1,1.0,False
T00686,15,0,0,0.0,1,1.0,False
T00687,15,0,0,0.0,1,1.0,False
T00688,12,0,0,0.0,1,1.0,False
T00689,10,0,0,0.0,2,0.889,False
T00690,13,0,0,0.0,1,1.0,False
T00691,17,0,0,0.0,1,1.0,False
T00692,13,0,0,0.0,1,1.0,False
T00693,13,0,0,0.0,1,1.0,False
T00694,14,0,0,0.0,1,1.0,False
T00695,11,2,4,0.4,1,1.0,True
T00696,18,0,0,0.0,1,1.0,False
T00697,13,0,0,0.0,1,1.0,False
T00698,14,0,0,0.0,2,0.923,False
T00699,14,0,0,0.0,1,1.0,False
T00700,16,0,0,0.0,1,1.0,False
T00701,12,0,0,0.0,1,1.0,False
T00702,12,0,0,0.0,1,1.0,False
T00703,16,0,0,0.0,1,1.0,False
T00704,16,0,0,0.0,1,1.0,False
T00705,16,0,0,0.0,1,1.0,False
T00706,13,0,0,0.0,1,1.0,False
T00707,16,0,0,0.0,1,1.0,False
T00708,10,0,0,0.0,1,1.0,False
T00709,14,0,0,0.0,1,1.0,False
T00710,14,0,0,0.0,1,1.0,False
T00711,11,0,0,0.0,1,1.0,False
T00712,14,0,0,0.0,1,1.0,False
T00713,14,0,0,0.0,2,0.923,False
T00714,13,0,0,0.0,1,1.0,False
T00715,13,0,0,0.0,1,1.0,False
T00716,12,0,0,0.0,1,1.0,False
T00717,14,0,0,0.0,1,1.0,False
T00718,16,0,0,0.0,1,1.0,False
T00719,14,0,0,0.0,1,1.0,False
T00720,11,0,0,0.0,1,1.0,False
T00721,11,0,0,0.0,1,1.0,False
T00722,11,0,0,0.0,1,1.0,False
T00723,11,0,0,0.0,2,0.9,False
T00724,14,0,0,0.0,1,1.0,False
T00725,10,0,0,0.0,1,1.0,False
T00726,15,0,0,0.0,1,1.0,False
T00727,11,0,0,0.0,1,1.0,False
T00728,11,0,0,0.0,1,1.0,False
T00729,11,0,0,0.0,1,1.0,False
T00730,9,0,0,0.0,1,1.0,False
T00731,10,0,0,0.0,1,1.0,False
T00732,17,0,0,0.0,1,1.0,False
T00733,13,0,0,0.0,1,1.0,False
T00734,15,0,0,0.0,1,1.0,False
T00735,15,0,0,0.0,1,1.0,False
T00736,14,0,0,0.0,1,1.0,False
T00737,15,0,0,0.0,1,1.0,False
T00738,13,0,0,0.0,1,1.0,False
T00739,12,0,0,0.0,1,1.0,False
T00740,13,0,0,0.0,1,1.0,False
T00741,14,0,0,0.0,1,1.0,False
T00742,13,0,0,0.0,1,1.0,False
T00743,12,0,0,0.0,1,1.0,False
T00744,12,0,0,0.0,1,1.0,False
T00745,14,0,0,0.0,1,1.0,False
T00746,13,3,5,0.417,1,1.0,True
T00747,10,0,0,0.0,1,1.0,False
T00748,16,1,2,0.133,1,1.0,True
T00749,14,3,6,0.462,1,1.0,True
T00750,12,0,0,0.0,1,1.0,False
T00751,16,0,0,0.0,1,1.0,False
T00752,14,0,0,0.0,1,1.0,False
T00753,15,0,0,0.0,1,1.0,False
T00754,15,0,0,0.0,1,1.0,False
T00755,10,0,0,0.0,1,1.0,False
T00756,14,0,0,0.0,1,1.0,False
T00757,11,0,0,0.0,2,0.9,False
T00758,15,0,0,0.0,1,1.0,False
T00759,14,0,0,0.0,1,1.0,False
T00760,13,0,0,0.0,1,1.0,True
T00761,15,0,0,0.0,2,0.929,False
T00762,15,0,0,0.0,1,1.0,False
T00763,13,0,0,0.0,1,1.0,False
T00764,13,0,0,0.0,1,1.0,False
T00765,12,0,0,0.0,1,1.0,False
T00766,14,0,0,0.0,1,1.0,False
T00767,13,0,0,0.0,1,1.0,False
T00768,14,0,0,0.0,1,1.0,False
T00769,12,0,0,0.0,1,1.0,False
T00770,13,0,0,0.0,1,1.0,False
T00771,13,0,0,0.0,2,0.917,False
T00772,12,0,0,0.0,1,1.0,False
T00773,13,0,0,0.0,1,1.0,False
T00774,17,0,0,0.0,1,1.0,False
T00775,16,0,0,0.0,1,1.0,False
T00776,10,0,0,0.0,2,0.889,False
T00777,14,0,0,0.0,1,1.0,False
T00778,16,0,0,0.0,1,1.0,False
T00779,11,0,0,0.0,1,1.0,False
T00780,12,0,0,0.0,1,1.0,False
T00781,12,0,0,0.0,1,1.0,False
T00782,11,0,0,0.0,1,1.0,False
T00783,11,0,0,0.0,1,1.0,False
T00784,10,0,0,0.0,2,0.889,False
T00785,11,3,5,0.5,1,1.0,True
T00786,16,0,0,0.0,1,1.0,False
T00787,13,0,0,0.0,1,1.0,False
T00788,13,0,0,0.0,1,1.0,False
T00789,16,0,0,0.0,1,1.0,False
T00790,15,0,0,0.0,1,1.0,False
T00791,13,0,0,0.0,2,0.917,False
T00792,14,0,0,0.0,1,1.0,False
T00793,15,0,0,0.0,1,1.0,False
T00794,13,0,0,0.0,1,1.0,False
T00795,11,0,0,0.0,1,1.0,False
T00796,14,0,0,0.0,1,1.0,False
T00797,18,0,0,0.0,1,1.0,True
T00798,11,0,0,0.0,1,1.0,False
T00799,13,0,0,0.0,1,1.0,False
T00800,11,2,4,0.4,1,1.0,True
T00801,13,0,0,0.0,1,1.0,False
T00802,14,0,0,0.0,1,1.0,False
T00803,16,0,0,0.0,1,1.0,False
T00804,16,0,0,0.0,1,1.0,False
T00805,13,0,0,0.0,1,1.0,False
T00806,12,0,0,0.0,1,1.0,False
T00807,13,3,6,0.5,1,1.0,True
T00808,16,0,0,0.0,1,1.0,False
T00809,18,0,0,0.0,1,1.0,False
T00810,13,0,0,0.0,1,1.0,True
T00811,9,0,0,0.0,1,1.0,False
T00812,14,0,0,0.0,1,1.0,False
T00813,16,1,2,0.133,1,1.0,True
T00814,16,0,0,0.0,1,1.0,False
T00815,15,0,0,0.0,1,1.0,False
T00816,11,0,0,0.0,3,0.8,False
T00817,13,0,0,0.0,1,1.0,False
T00818,17,0,0,0.0,1,1.0,False
T00819,12,0,0,0.0,1,1.0,False
T00820,12,0,0,0.0,1,1.0,False
T00821,17,0,0,0.0,1,1.0,False
T00822,13,0,0,0.0,1,1.0,False
T00823,10,0,0,0.0,1,1.0,False
T00824,11,0,0,0.0,1,1.0,False
T00825,15,0,0,0.0,1,1.0,False
T00826,15,0,0,0.0,2,0.929,False
T00827,15,0,0,0.0,1,1.0,False
T00828,17,1,1,0.062,1,1.0,True
T00829,13,0,0,0.0,1,1.0,False
T00830,11,0,0,0.0,1,1.0,False
T00831,13,0,0,0.0,1,1.0,False
T00832,14,0,0,0.0,1,1.0,False
T00833,17,0,0,0.0,1,1.0,False
T00834,12,0,0,0.0,1,1.0,False
T00835,15,0,0,0.0,1,1.0,False
T00836,12,0,0,0.0,1,1.0,False
T00837,16,0,0,0.0,2,0.933,False
T00838,11,0,0,0.0,1,1.0,False
T00839,16,0,0,0.0,1,1.0,False
T00840,16,0,0,0.0,1,1.0,False
T00841,10,0,0,0.0,1,1.0,False
T00842,11,0,0,0.0,1,1.0,False
T00843,10,0,0,0.0,1,1.0,False
T00844,11,0,0,0.0,2,0.9,False
T00845,13,0,0,0.0,1,1.0,False
T00846,13,0,0,0.0,1,1.0,False
T00847,15,0,0,0.0,1,1.0,False
T00848,11,0,0,0.0,1,1.0,False
T00849,12,0,0,0.0,1,1.0,False
T00850,10,0,0,0.0,1,1.0,False
T00851,11,0,0,0.0,1,1.0,False
T00852,12,0,0,0.0,1,1.0,False
T00853,15,0,0,0.0,1,1.0,False
T00854,10,0,0,0.0,1,1.0,False
T00855,16,0,0,0.0,2,0.933,False
T00856,13,0,0,0.0,1,1.0,True
T00857,11,2,3,0.3,1,1.0,True
T00858,15,0,0,0.0,1,1.0,False
T00859,16,0,0,0.0,1,1.0,False
T00860,11,0,0,0.0,1,1.0,False
T00861,13,0,0,0.0,1,1.0,False
T00862,12,0,0,0.0,1,1.0,False
T00863,15,0,0,0.0,2,0.929,False
T00864,12,0,0,0.0,1,1.0,False
T00865,14,0,0,0.0,1,1.0,False
T00866,14,0,0,0.0,1,1.0,False
T00867,15,0,0,0.0,1,1.0,False
T00868,14,0,0,0.0,1,1.0,False
T00869,14,0,0,0.0,1,1.0,False
T00870,12,0,0,0.0,1,1.0,False
T00871,15,0,0,0.0,1,1.0,False
T00872,15,0,0,0.0,1,1.0,False
T00873,13,0,0,0.0,1,1.0,False
T00874,15,0,0,0.0,1,1.0,False
T00875,15,0,0,0.0,1,1.0,False
T00876,14,0,0,0.0,2,0.846,False
T00877,14,0,0,0.0,1,1.0,False
T00878,14,0,0,0.0,1,1.0,False
T00879,15,0,0,0.0,1,1.0,False
T00880,14,0,0,0.0,1,1.0,False
T00881,12,0,0,0.0,1,1.0,False
T00882,17,0,0,0.0,1,1.0,False
T00883,14,0,0,0.0,1,1.0,False
T00884,15,0,0,0.0,1,1.0,False
T00885,12,0,0,0.0,1,1.0,False
T00886,10,0,0,0.0,1,1.0,False
T00887,10,0,0,0.0,1,1.0,False
T00888,13,0,0,0.0,1,1.0,False
T00889,12,0,0,0.0,1,1.0,False
T00890,12,0,0,0.0,1,1.0,False
T00891,14,0,0,0.0,1,1.0,False
T00892,16,0,0,0.0,1,1.0,False
T00893,11,0,0,0.0,1,1.0,False
T00894,14,0,0,0.0,1,1.0,False
T00895,14,0,0,0.0,1,1.0,False
T00896,18,0,0,0.0,1,1.0,False
T00897,13,0,0,0.0,1,1.0,False
T00898,16,0,0,0.0,1,1.0,False
T00899,12,0,0,0.0,1,1.0,False
T00900,13,0,0,0.0,1,1.0,False
T00901,13,0,0,0.0,1,1.0,False
T00902,14,0,0,0.0,1,1.0,False
T00903,16,0,0,0.0,1,1.0,False
T00904,12,0,0,0.0,2,0.909,False
T00905,12,0,0,0.0,1,1.0,False
T00906,11,0,0,0.0,1,1.0,False
T00907,15,0,0,0.0,1,1.0,False
T00908,17,0,0,0.0,2,0.938,False
T00909,10,0,0,0.0,1,1.0,False
T00910,13,0,0,0.0,1,1.0,False
T00911,13,0,0,0.0,1,1.0,False
T00912,15,0,0,0.0,1,1.0,False
T00913,15,0,0,0.0,1,1.0,False
T00914,14,0,0,0.0,1,1.0,False
T00915,14,0,0,0.0,1,1.0,False
T00916,15,0,0,0.0,1,1.0,False
T00917,17,0,0,0.0,1,1.0,False
T00918,12,0,0,0.0,1,1.0,False
T00919,14,0,0,0.0,2,0.923,False
T00920,14,0,0,0.0,1,1.0,False
T00921,14,0,0,0.0,1,1.0,False
T00922,13,0,0,0.0,1,1.0,False
T00923,12,0,0,0.0,1,1.0,False
T00924,14,0,0,0.0,1,1.0,False
T00925,13,0,0,0.0,1,1.0,False
T00926,18,0,0,0.0,1,1.0,False
T00927,15,0,0,0.0,1,1.0,False
T00928,14,0,0,0.0,1,1.0,False
T00929,14,0,0,0.0,1,1.0,False
T00930,9,0,0,0.0,1,1.0,False
T00931,14,0,0,0.0,1,1.0,False
T00932,14,0,0,0.0,1,1.0,False
T00933,12,0,0,0.0,1,1.0,False
T00934,13,0,0,0.0,1,1.0,False
T00935,11,0,0,0.0,1,1.0,False
T00936,9,0,0,0.0,1,1.0,False
T00937,10,0,0,0.0,1,1.0,False
T00938,13,0,0,0.0,1,1.0,False
T00939,10,0,0,0.0,1,1.0,False
T00940,11,0,0,0.0,1,1.0,False
T00941,13,0,0,0.0,1,1.0,False
T00942,13,0,0,0.0,1,1.0,False
T00943,11,0,0,0.0,1,1.0,False
T00944,12,0,0,0.0,1,1.0,False
T00945,14,0,0,0.0,1,1.0,False
T00946,17,0,0,0.0,1,1.0,False
T00947,13,0,0,0.0,1,1.0,False
T00948,16,0,0,0.0,2,0.933,False
T00949,15,0,0,0.0,1,1.0,False
T00950,18,0,0,0.0,1,1.0,False
T00951,12,0,0,0.0,1,1.0,False
T00952,15,0,0,0.0,1,1.0,False
T00953,17,0,0,0.0,1,1.0,False
T00954,15,0,0,0.0,1,1.0,False
T00955,13,0,0,0.0,2,0.917,False
T00956,11,0,0,0.0,1,1.0,False
T00957,13,0,0,0.0,1,1.0,False
T00958,15,0,0,0.0,1,1.0,False
T00959,9,0,0,0.0,1,1.0,False
T00960,14,0,0,0.0,1,1.0,False
T00961,11,0,0,0.0,1,1.0,False
T00962,17,0,0,0.0,1,1.0,False
T00963,13,0,0,0.0,1,1.0,False
T00964,15,0,0,0.0,1,1.0,False
T00965,16,0,0,0.0,1,1.0,True
T00966,12,0,0,0.0,1,1.0,False
T00967,14,0,0,0.0,1,1.0,False
T00968,16,0,0,0.0,1,1.0,False
T00969,13,0,0,0.0,1,1.0,False
T00970,14,0,0,0.0,1,1.0,False
T00971,10,0,0,0.0,1,1.0,False
T00972,12,0,0,0.0,1,1.0,False
T00973,11,0,0,0.0,1,1.0,False
T00974,16,0,0,0.0,1,1.0,False
T00975,13,0,0,0.0,1,1.0,False
T00976,13,0,0,0.0,1,1.0,False
T00977,14,0,0,0.0,1,1.0,False
T00978,13,0,0,0.0,1,1.0,False
T00979,13,0,0,0.0,1,1.0,False
T00980,13,0,0,0.0,1,1.0,False
T00981,15,0,0,0.0,1,1.0,False
T00982,16,0,0,0.0,1,1.0,False
T00983,14,0,0,0.0,1,1.0,False
T00984,11,0,0,0.0,1,1.0,False
T00985,13,0,0,0.0,1,1.0,False
T00986,14,0,0,0.0,1,1.0,False
T00987,9,0,0,0.0,1,1.0,False
T00988,17,0,0,0.0,1,1.0,False
T00989,18,0,0,0.0,1,1.0,True
T00990,15,0,0,0.0,1,1.0,False
T00991,15,0,0,0.0,2,0.929,False
T00992,13,0,0,0.0,1,1.0,False
T00993,17,0,0,0.0,1,1.0,False
T00994,15,0,0,0.0,1,1.0,False
T00995,12,0,0,0.0,1,1.0,False
T00996,12,0,0,0.0,1,1.0,False
T00997,13,0,0,0.0,1,1.0,False
T00998,15,0,0,0.0,1,1.0,False
T00999,11,0,0,0.0,1,1.0,False
T01000,12,0,0,0.0,1,1.0,False
